Id,Neuroticism,Extraversion,Agreeableness,Gender,Strees,Age,Mood,Height,Mental Health,Weight,Physical Status,Intelligence,Eating,Physical Activity,Sleep Pattern,Time Management,Class Attendance in %,Study Duration in hr.,Library Entry,Online Learning,english,mathematics,physics,chemistry,biology,information Technology,environmentalscience,vocational, cardio-respiratory,aerobic-respiratory,final_grade,Prediction is
1,0,0,0,M,0,19,0,5.8,0,58,0,0,0,0,0,0,70,6,0,0,75,75,50,100,45,50,45,60,0,0,engineer,good
2,0,0,1,F,0,18,0,5,0,45,0,0,0,0,0,0,80,9,0,0,70,80,55,70,50,75,50,95,0,0,engineer,good
3,0,1,0,M,0,18,0,4.5,0,75,0,0,0,0,0,0,75,7,0,0,90,75,65,50,60,55,60,80,0,0,engineer,good
4,0,1,1,F,1,19,1,4.6,1,55,1,1,1,1,1,1,50,5,1,1,95,94,50,55,55,70,55,70,0,0,engineer,average
5,1,0,0,M,0,17,0,5.5,0,60,0,0,0,0,0,0,83,10,0,0,60,75,60,70,45,65,45,65,0,0,engineer,good
6,1,0,1,M,1,20,1,6,1,65,1,1,1,1,1,1,61,4,1,1,65,70,75,60,65,75,65,55,0,0,engineer,average
7,1,1,0,M,1,21,1,5.1,1,61,1,1,1,1,1,1,65,5,1,1,75,80,75,70,60,60,60,80,0,0,engineer,average
8,1,1,1,F,1,23,1,6.1,1,50,1,1,1,1,1,1,51,3,1,1,94,90,70,80,55,55,55,60,0,0,engineer,average
9,2,2,2,M,2,22,2,5.1,2,67,2,2,2,2,2,2,10,1,2,2,90,75,65,70,45,50,50,65,0,0,engineer,bad
10,2,2,1,F,2,21,2,5.9,2,43,2,2,2,2,2,2,15,2,2,2,55,95,50,70,40,70,70,70,0,0,engineer,bad
11,2,1,2,F,2,20,2,4.11,2,44,2,2,2,2,2,2,25,1,2,2,45,50,70,65,75,80,55,60,0,0,doctor,bad
12,2,1,1,M,1,18,1,4.9,1,56,1,1,1,1,1,1,63,3,1,1,50,50,75,55,80,50,75,50,0,0,doctor,average
13,1,1,2,F,1,17,1,6.4,1,53,1,1,1,1,1,1,61,5,1,1,70,60,95,50,75,55,65,95,0,0,doctor,average
14,1,2,1,M,1,19,1,5.9,1,68,1,1,1,1,1,1,59,4,1,1,60,55,80,55,94,60,80,75,0,0,doctor,average
15,1,2,2,M,2,21,2,5.8,2,66,2,2,2,2,2,2,30,2,2,2,50,50,70,70,75,55,50,60,0,0,doctor,bad
16,0,0,0,F,0,20,0,5,0,55,0,0,0,0,0,0,80,9,0,0,75,65,75,60,70,50,90,70,0,0,doctor,good
17,0,2,0,F,0,18,0,4.5,0,53,0,0,0,0,0,0,95,7,0,0,55,60,50,70,80,70,75,50,0,0,doctor,good
18,0,0,2,M,0,17,0,4.6,0,58,0,0,0,0,0,0,83,10,0,0,95,55,60,80,90,75,70,60,0,0,doctor,good
19,2,0,0,M,0,19,0,5.5,0,62,0,0,0,0,0,0,90,6,0,0,75,50,70,70,75,50,95,70,0,0,doctor,good
20,2,2,0,F,2,20,2,5.8,2,57,2,2,2,2,2,2,35,0,2,2,60,60,55,90,95,55,50,65,0,0,doctor,bad
21,2,2,2,F,2,19,2,5.3,2,49,2,2,2,2,2,2,17,1,2,2,65,75,65,55,45,75,60,55,1,1,militray,bad
22,0,0,0,M,0,19,0,5.8,0,58,0,0,0,0,0,0,70,6,0,0,50,70,75,90,50,65,90,75,1,1,militray,good
23,0,0,1,F,0,18,0,5,0,45,0,0,0,0,0,0,80,9,0,0,70,75,65,75,40,90,50,70,1,1,militray,good
24,0,1,0,M,0,18,0,4.5,0,75,0,0,0,0,0,0,75,7,0,0,75,65,75,60,60,75,55,75,1,1,militray,good
25,0,1,1,F,1,19,1,4.6,1,55,1,1,1,1,1,1,50,5,1,1,50,75,70,75,40,70,75,65,1,1,militray,average
26,1,0,0,M,0,17,0,5.5,0,60,0,0,0,0,0,0,83,10,0,0,70,70,75,50,45,80,65,55,1,1,militray,good
27,1,0,1,M,1,20,1,6,1,65,1,1,1,1,1,1,61,4,1,1,65,80,95,95,40,50,70,70,1,1,militray,average
28,1,1,0,M,1,21,1,5.1,1,61,1,1,1,1,1,1,65,5,1,1,60,75,75,80,75,70,60,50,1,1,militray,average
29,1,1,1,F,1,23,1,6.1,1,50,1,1,1,1,1,1,51,3,1,1,55,75,50,60,95,75,75,80,1,1,militray,average
30,2,2,2,M,2,22,2,5.1,2,67,2,2,2,2,2,2,10,1,2,2,60,60,90,70,60,60,55,95,1,1,militray,bad
31,2,2,1,F,2,21,2,5.9,2,43,2,2,2,2,2,2,15,2,2,2,95,70,50,55,65,80,75,75,1,1,militray,bad
32,2,1,2,F,2,20,2,4.11,2,44,2,2,2,2,2,2,25,1,2,2,50,95,70,50,75,75,90,75,1,1,militray,bad
33,2,1,1,M,1,18,1,4.9,1,56,1,1,1,1,1,1,63,3,1,1,55,50,75,65,80,95,50,50,1,1,militray,average
34,1,1,2,F,1,17,1,6.4,1,53,1,1,1,1,1,1,61,5,1,1,70,70,70,55,60,75,75,75,1,1,militray,average
35,1,2,1,M,1,19,1,5.9,1,68,1,1,1,1,1,1,59,4,1,1,75,60,50,50,55,55,70,75,1,1,militray,average
36,1,2,2,M,2,21,2,5.8,2,66,2,2,2,2,2,2,30,2,2,2,75,75,65,70,65,80,60,60,1,1,militray,bad
37,0,0,0,F,0,20,0,5,0,55,0,0,0,0,0,0,80,9,0,0,60,80,75,80,50,65,65,75,1,1,militray,good
38,0,2,0,F,0,18,0,4.5,0,53,0,0,0,0,0,0,95,7,0,0,70,75,75,55,50,70,55,75,1,1,militray,good
39,0,0,2,M,0,17,0,4.6,0,58,0,0,0,0,0,0,83,10,0,0,60,70,70,65,60,50,70,95,1,1,militray,good
40,2,0,0,M,0,19,0,5.5,0,62,0,0,0,0,0,0,90,6,0,0,65,80,50,50,50,60,50,90,1,1,militray,good
41,2,2,0,F,2,20,2,5.8,2,57,2,2,2,2,2,2,35,0,2,2,75,95,75,70,65,55,80,70,1,1,militray,bad
42,2,2,2,F,2,19,2,5.3,2,49,2,2,2,2,2,2,17,1,2,2,60,90,80,75,55,70,95,80,1,1,militray,bad
43,0,0,0,M,0,19,0,5.8,0,58,0,0,0,0,0,0,70,6,0,0,70,60,75,75,50,90,50,90,1,1,militray,good
44,0,0,1,F,0,18,0,5,0,45,0,0,0,0,0,0,80,9,0,0,75,55,95,70,75,50,70,65,1,1,militray,good
45,0,1,0,M,0,18,0,4.5,0,75,0,0,0,0,0,0,75,7,0,0,90,50,75,60,70,75,90,80,1,1,militray,good
46,0,1,1,F,1,19,1,4.6,1,55,1,1,1,1,1,1,50,5,1,1,50,70,60,50,60,80,50,55,1,1,militray,average
47,1,0,0,M,0,17,0,5.5,0,60,0,0,0,0,0,0,83,10,0,0,60,75,55,55,65,60,75,75,1,1,militray,good
48,1,0,1,M,1,20,1,6,1,65,1,1,1,1,1,1,61,4,1,1,75,75,75,65,60,65,70,75,1,1,militray,average
49,1,1,0,M,1,21,1,5.1,1,61,1,1,1,1,1,1,65,5,1,1,80,80,65,90,55,75,80,70,1,1,militray,average
50,1,1,1,F,1,23,1,6.1,1,50,1,1,1,1,1,1,51,3,1,1,75,70,70,70,50,95,75,95,1,1,militray,average
51,2,2,2,M,2,22,2,5.1,2,67,2,2,2,2,2,2,10,1,2,2,50,60,50,80,75,55,55,75,0,0,engineer,bad
52,2,2,1,F,2,21,2,5.9,2,43,2,2,2,2,2,2,15,2,2,2,55,50,75,65,70,70,65,55,0,0,engineer,bad
53,2,1,2,F,2,20,2,4.11,2,44,2,2,2,2,2,2,25,1,2,2,70,70,75,50,60,60,60,50,0,0,engineer,bad
54,2,1,1,M,1,18,1,4.9,1,56,1,1,1,1,1,1,63,3,1,1,75,75,95,55,50,75,55,70,0,0,engineer,average
55,1,1,2,F,1,17,1,6.4,1,53,1,1,1,1,1,1,61,5,1,1,80,75,50,70,60,75,95,65,0,0,engineer,average
56,1,2,1,M,1,19,1,5.9,1,68,1,1,1,1,1,1,59,4,1,1,70,80,65,60,55,50,65,80,0,0,engineer,average
57,1,2,2,M,2,21,2,5.8,2,66,2,2,2,2,2,2,30,2,2,2,60,65,70,70,60,95,60,55,0,0,engineer,bad
58,0,0,0,F,0,20,0,5,0,55,0,0,0,0,0,0,80,9,0,0,65,60,75,80,55,80,55,60,0,0,engineer,good
59,0,2,0,F,0,18,0,4.5,0,53,0,0,0,0,0,0,95,7,0,0,70,75,50,55,50,50,70,75,0,0,engineer,good
60,0,0,2,M,0,17,0,4.6,0,58,0,0,0,0,0,0,83,10,0,0,50,70,75,70,50,55,50,65,0,0,engineer,good
61,2,0,0,M,0,19,0,5.5,0,62,0,0,0,0,0,0,90,6,0,0,90,80,95,65,75,75,75,60,0,0,doctor,good
62,2,2,0,F,2,20,2,5.8,2,57,2,2,2,2,2,2,35,0,2,2,95,90,75,60,80,65,65,55,0,0,doctor,bad
63,2,2,2,F,2,19,2,5.3,2,49,2,2,2,2,2,2,17,1,2,2,70,70,70,50,75,60,75,75,0,0,doctor,bad
64,0,0,0,M,0,19,0,5.8,0,58,0,0,0,0,0,0,70,6,0,0,75,80,75,55,80,95,70,70,0,0,doctor,good
65,0,0,1,F,0,18,0,5,0,45,0,0,0,0,0,0,80,9,0,0,60,70,80,70,75,75,75,65,0,0,doctor,good
66,0,1,0,M,0,18,0,4.5,0,75,0,0,0,0,0,0,75,7,0,0,65,80,75,60,70,70,50,55,0,0,doctor,good
67,0,1,1,F,1,19,1,4.6,1,55,1,1,1,1,1,1,50,5,1,1,75,60,60,70,80,75,80,50,0,0,doctor,average
68,1,0,0,M,0,17,0,5.5,0,60,0,0,0,0,0,0,83,10,0,0,70,50,55,80,70,95,95,75,0,0,doctor,good
69,1,0,1,M,1,20,1,6,1,65,1,1,1,1,1,1,61,4,1,1,90,75,65,70,75,50,60,65,0,0,doctor,average
70,1,1,0,M,1,21,1,5.1,1,61,1,1,1,1,1,1,65,5,1,1,80,75,80,90,95,70,75,55,0,0,doctor,average
71,1,1,1,F,1,23,1,6.1,1,50,1,1,1,1,1,1,51,3,1,1,75,70,75,70,45,90,70,50,1,1,militray,average
72,2,2,2,M,2,22,2,5.1,2,67,2,2,2,2,2,2,10,1,2,2,60,90,75,50,60,55,90,70,1,1,militray,bad
73,2,2,1,F,2,21,2,5.9,2,43,2,2,2,2,2,2,15,2,2,2,75,80,70,80,50,80,55,55,1,1,militray,bad
74,2,1,2,F,2,20,2,4.11,2,44,2,2,2,2,2,2,25,1,2,2,70,70,95,65,65,50,70,50,1,1,militray,bad
75,2,1,1,M,1,18,1,4.9,1,56,1,1,1,1,1,1,63,3,1,1,75,60,94,70,50,55,80,60,1,1,militray,average
76,1,1,2,F,1,17,1,6.4,1,53,1,1,1,1,1,1,61,5,1,1,80,65,55,80,55,70,50,50,1,1,militray,average
77,1,2,1,M,1,19,1,5.9,1,68,1,1,1,1,1,1,59,4,1,1,60,70,75,75,75,55,60,70,1,1,militray,average
78,1,2,2,M,2,21,2,5.8,2,66,2,2,2,2,2,2,30,2,2,2,65,75,75,50,50,65,65,55,1,1,militray,bad
79,0,0,0,F,0,20,0,5,0,55,0,0,0,0,0,0,80,9,0,0,70,60,50,90,50,70,75,65,1,1,militray,good
80,0,2,0,F,0,18,0,4.5,0,53,0,0,0,0,0,0,95,7,0,0,50,65,80,75,60,50,50,70,1,1,militray,good
81,0,0,2,M,0,17,0,4.6,0,58,0,0,0,0,0,0,83,10,0,0,70,80,95,60,55,75,75,95,1,1,militray,good
82,2,0,0,M,0,19,0,5.5,0,62,0,0,0,0,0,0,90,6,0,0,75,70,70,80,50,95,95,50,1,1,militray,good
83,2,2,0,F,2,20,2,5.8,2,57,2,2,2,2,2,2,35,0,2,2,75,75,50,90,55,50,80,90,1,1,militray,bad
84,2,2,2,F,2,19,2,5.3,2,49,2,2,2,2,2,2,17,1,2,2,90,90,60,75,60,50,50,55,1,1,militray,bad
85,0,2,0,F,0,18,0,4.5,0,53,0,0,0,0,0,0,95,7,0,0,95,50,55,65,50,75,75,70,1,1,militray,good
86,0,0,2,M,0,17,0,4.6,0,58,0,0,0,0,0,0,83,10,0,0,80,60,65,55,55,50,55,65,1,1,militray,good
87,2,0,0,M,0,19,0,5.5,0,62,0,0,0,0,0,0,90,6,0,0,75,90,70,75,60,65,90,60,1,1,militray,good
88,2,2,0,F,2,20,2,5.8,2,57,2,2,2,2,2,2,35,0,2,2,60,70,90,50,65,50,55,50,1,1,militray,bad
89,2,2,2,F,2,19,2,5.3,2,49,2,2,2,2,2,2,17,1,2,2,70,75,80,95,50,55,70,95,1,1,militray,bad
90,2,2,2,F,2,19,2,5.3,2,49,2,2,2,2,2,2,17,1,2,2,50,65,70,90,55,75,95,90,1,1,militray,bad
91,0,0,0,M,0,19,0,5.8,0,58,0,0,0,0,0,0,70,6,0,0,80,95,50,80,60,70,50,60,1,1,militray,good
92,0,0,1,F,0,18,0,5,0,45,0,0,0,0,0,0,80,9,0,0,65,70,55,75,50,65,55,70,1,1,militray,good
93,0,1,0,M,0,18,0,4.5,0,75,0,0,0,0,0,0,75,7,0,0,90,60,80,55,65,80,60,50,1,1,militray,good
94,0,1,1,F,1,19,1,4.6,1,55,1,1,1,1,1,1,50,5,1,1,75,75,95,90,50,70,70,75,1,1,militray,average
95,1,0,0,M,0,17,0,5.5,0,60,0,0,0,0,0,0,83,10,0,0,95,50,70,80,55,75,55,55,1,1,militray,good
96,1,0,1,M,1,20,1,6,1,65,1,1,1,1,1,1,61,4,1,1,75,70,75,75,65,50,65,75,1,1,militray,average
97,1,1,0,M,1,21,1,5.1,1,61,1,1,1,1,1,1,65,5,1,1,65,75,75,60,60,60,50,50,1,1,militray,average
98,1,1,1,F,1,23,1,6.1,1,50,1,1,1,1,1,1,51,3,1,1,50,75,65,70,55,90,75,75,1,1,militray,average
99,2,2,2,M,2,22,2,5.1,2,67,2,2,2,2,2,2,10,1,2,2,70,80,55,95,50,70,95,95,1,1,militray,bad
100,2,2,1,F,2,21,2,5.9,2,43,2,2,2,2,2,2,15,2,2,2,74,74,49,98,44,49,44,59,0,0,engineer,bad
101,0,0,0,M,0,19,0,5.8,0,58,0,0,0,0,0,0,70,6,0,0,69,79,54,69,49,74,49,95,0,0,engineer,good
102,0,0,1,F,0,18,0,5,0,45,0,0,0,0,0,0,80,9,0,0,89,74,65,49,59,54,59,79,0,0,engineer,good
103,0,1,0,M,0,18,0,4.5,0,75,0,0,0,0,0,0,75,7,0,0,95,98,49,54,54,69,54,69,0,0,engineer,good
104,0,1,1,F,1,19,1,4.6,1,55,1,1,1,1,1,1,50,5,1,1,59,74,59,69,44,65,44,65,0,0,engineer,average
105,1,0,0,M,0,17,0,5.5,0,60,0,0,0,0,0,0,83,10,0,0,65,69,74,59,65,74,65,54,0,0,engineer,good
106,1,0,1,M,1,20,1,6,1,65,1,1,1,1,1,1,61,4,1,1,74,79,74,69,59,59,59,79,0,0,engineer,average
107,1,1,0,M,1,21,1,5.1,1,61,1,1,1,1,1,1,65,5,1,1,98,89,69,79,54,54,54,59,0,0,engineer,average
108,1,1,1,F,1,23,1,6.1,1,50,1,1,1,1,1,1,51,3,1,1,89,74,65,69,44,49,49,65,0,0,engineer,average
109,2,2,2,M,2,22,2,5.1,2,67,2,2,2,2,2,2,10,1,2,2,54,95,49,69,39,69,69,69,0,0,engineer,bad
110,2,2,1,F,2,21,2,5.9,2,43,2,2,2,2,2,2,15,2,2,2,44,49,69,65,74,79,54,59,0,0,doctor,bad
111,2,1,2,F,2,20,2,4.11,2,44,2,2,2,2,2,2,25,1,2,2,49,49,74,54,79,49,74,49,0,0,doctor,bad
112,2,1,1,M,1,18,1,4.9,1,56,1,1,1,1,1,1,63,3,1,1,69,59,95,49,74,54,65,95,0,0,doctor,average
113,1,1,2,F,1,17,1,6.4,1,53,1,1,1,1,1,1,61,5,1,1,59,54,79,54,98,59,79,74,0,0,doctor,average
114,1,2,1,M,1,19,1,5.9,1,68,1,1,1,1,1,1,59,4,1,1,49,49,69,69,74,54,49,59,0,0,doctor,average
115,1,2,2,M,2,21,2,5.8,2,66,2,2,2,2,2,2,30,2,2,2,74,65,74,59,69,49,89,69,0,0,doctor,bad
116,0,0,0,F,0,20,0,5,0,55,0,0,0,0,0,0,80,9,0,0,54,59,49,69,79,69,74,49,0,0,doctor,good
117,0,2,0,F,0,18,0,4.5,0,53,0,0,0,0,0,0,95,7,0,0,95,54,59,79,89,74,69,59,0,0,doctor,good
118,0,0,2,M,0,17,0,4.6,0,58,0,0,0,0,0,0,83,10,0,0,74,49,69,69,74,49,95,69,0,0,doctor,good
119,2,0,0,M,0,19,0,5.5,0,62,0,0,0,0,0,0,90,6,0,0,59,59,54,89,95,54,49,65,0,0,doctor,good
120,2,2,0,F,2,20,2,5.8,2,57,2,2,2,2,2,2,35,0,2,2,65,74,65,54,44,74,59,54,1,1,militray,bad
121,2,2,2,F,2,19,2,5.3,2,49,2,2,2,2,2,2,17,1,2,2,49,69,74,89,49,65,89,74,1,1,militray,bad
122,0,0,0,M,0,19,0,5.8,0,58,0,0,0,0,0,0,70,6,0,0,69,74,65,74,39,89,49,69,1,1,militray,good
123,0,0,1,F,0,18,0,5,0,45,0,0,0,0,0,0,80,9,0,0,74,65,74,59,59,74,54,74,1,1,militray,good
124,0,1,0,M,0,18,0,4.5,0,75,0,0,0,0,0,0,75,7,0,0,49,74,69,74,39,69,74,65,1,1,militray,good
125,0,1,1,F,1,19,1,4.6,1,55,1,1,1,1,1,1,50,5,1,1,69,69,74,49,44,79,65,54,1,1,militray,average
126,1,0,0,M,0,17,0,5.5,0,60,0,0,0,0,0,0,83,10,0,0,65,79,95,95,39,49,69,69,1,1,militray,good
127,1,0,1,M,1,20,1,6,1,65,1,1,1,1,1,1,61,4,1,1,59,74,74,79,74,69,59,49,1,1,militray,average
128,1,1,0,M,1,21,1,5.1,1,61,1,1,1,1,1,1,65,5,1,1,54,74,49,59,95,74,74,79,1,1,militray,average
129,1,1,1,F,1,23,1,6.1,1,50,1,1,1,1,1,1,51,3,1,1,59,59,89,69,59,59,54,95,1,1,militray,average
130,2,2,2,M,2,22,2,5.1,2,67,2,2,2,2,2,2,10,1,2,2,95,69,49,54,65,79,74,74,1,1,militray,bad
131,2,2,1,F,2,21,2,5.9,2,43,2,2,2,2,2,2,15,2,2,2,49,95,69,49,74,74,89,74,1,1,militray,bad
132,2,1,2,F,2,20,2,4.11,2,44,2,2,2,2,2,2,25,1,2,2,54,49,74,65,79,95,49,49,1,1,militray,bad
133,2,1,1,M,1,18,1,4.9,1,56,1,1,1,1,1,1,63,3,1,1,69,69,69,54,59,74,74,74,1,1,militray,average
134,1,1,2,F,1,17,1,6.4,1,53,1,1,1,1,1,1,61,5,1,1,74,59,49,49,54,54,69,74,1,1,militray,average
135,1,2,1,M,1,19,1,5.9,1,68,1,1,1,1,1,1,59,4,1,1,74,74,65,69,65,79,59,59,1,1,militray,average
136,1,2,2,M,2,21,2,5.8,2,66,2,2,2,2,2,2,30,2,2,2,59,79,74,79,49,65,65,74,1,1,militray,bad
137,0,0,0,F,0,20,0,5,0,55,0,0,0,0,0,0,80,9,0,0,69,74,74,54,49,69,54,74,1,1,militray,good
138,0,2,0,F,0,18,0,4.5,0,53,0,0,0,0,0,0,95,7,0,0,59,69,69,65,59,49,69,95,1,1,militray,good
139,0,0,2,M,0,17,0,4.6,0,58,0,0,0,0,0,0,83,10,0,0,65,79,49,49,49,59,49,89,1,1,militray,good
140,2,0,0,M,0,19,0,5.5,0,62,0,0,0,0,0,0,90,6,0,0,74,95,74,69,65,54,79,69,1,1,militray,good
141,2,2,0,F,2,20,2,5.8,2,57,2,2,2,2,2,2,35,0,2,2,59,89,79,74,54,69,95,79,1,1,militray,bad
142,2,2,2,F,2,19,2,5.3,2,49,2,2,2,2,2,2,17,1,2,2,69,59,74,74,49,89,49,89,1,1,militray,bad
143,0,0,0,M,0,19,0,5.8,0,58,0,0,0,0,0,0,70,6,0,0,74,54,95,69,74,49,69,65,1,1,militray,good
144,0,0,1,F,0,18,0,5,0,45,0,0,0,0,0,0,80,9,0,0,89,49,74,59,69,74,89,79,1,1,militray,good
145,0,1,0,M,0,18,0,4.5,0,75,0,0,0,0,0,0,75,7,0,0,49,69,59,49,59,79,49,54,1,1,militray,good
146,0,1,1,F,1,19,1,4.6,1,55,1,1,1,1,1,1,50,5,1,1,59,74,54,54,65,59,74,74,1,1,militray,average
147,1,0,0,M,0,17,0,5.5,0,60,0,0,0,0,0,0,83,10,0,0,74,74,74,65,59,65,69,74,1,1,militray,good
148,1,0,1,M,1,20,1,6,1,65,1,1,1,1,1,1,61,4,1,1,79,79,65,89,54,74,79,69,1,1,militray,average
149,1,1,0,M,1,21,1,5.1,1,61,1,1,1,1,1,1,65,5,1,1,74,69,69,69,49,95,74,95,1,1,militray,average
150,1,1,1,F,1,23,1,6.1,1,50,1,1,1,1,1,1,51,3,1,1,49,59,49,79,74,54,54,74,0,0,engineer,average
151,2,2,2,M,2,22,2,5.1,2,67,2,2,2,2,2,2,10,1,2,2,54,49,74,65,69,69,65,54,0,0,engineer,bad
152,2,2,1,F,2,21,2,5.9,2,43,2,2,2,2,2,2,15,2,2,2,69,69,74,49,59,59,59,49,0,0,engineer,bad
153,2,1,2,F,2,20,2,4.11,2,44,2,2,2,2,2,2,25,1,2,2,74,74,95,54,49,74,54,69,0,0,engineer,bad
154,2,1,1,M,1,18,1,4.9,1,56,1,1,1,1,1,1,63,3,1,1,79,74,49,69,59,74,95,65,0,0,engineer,average
155,1,1,2,F,1,17,1,6.4,1,53,1,1,1,1,1,1,61,5,1,1,69,79,65,59,54,49,65,79,0,0,engineer,average
156,1,2,1,M,1,19,1,5.9,1,68,1,1,1,1,1,1,59,4,1,1,59,65,69,69,59,95,59,54,0,0,engineer,average
157,1,2,2,M,2,21,2,5.8,2,66,2,2,2,2,2,2,30,2,2,2,65,59,74,79,54,79,54,59,0,0,engineer,bad
158,0,0,0,F,0,20,0,5,0,55,0,0,0,0,0,0,80,9,0,0,69,74,49,54,49,49,69,74,0,0,engineer,good
159,0,2,0,F,0,18,0,4.5,0,53,0,0,0,0,0,0,95,7,0,0,49,69,74,69,49,54,49,65,0,0,engineer,good
160,0,0,2,M,0,17,0,4.6,0,58,0,0,0,0,0,0,83,10,0,0,89,79,95,65,74,74,74,59,0,0,doctor,good
161,2,0,0,M,0,19,0,5.5,0,62,0,0,0,0,0,0,90,6,0,0,95,89,74,59,79,65,65,54,0,0,doctor,good
162,2,2,0,F,2,20,2,5.8,2,57,2,2,2,2,2,2,35,0,2,2,69,69,69,49,74,59,74,74,0,0,doctor,bad
163,2,2,2,F,2,19,2,5.3,2,49,2,2,2,2,2,2,17,1,2,2,74,79,74,54,79,95,69,69,0,0,doctor,bad
164,0,0,0,M,0,19,0,5.8,0,58,0,0,0,0,0,0,70,6,0,0,59,69,79,69,74,74,74,65,0,0,doctor,good
165,0,0,1,F,0,18,0,5,0,45,0,0,0,0,0,0,80,9,0,0,65,79,74,59,69,69,49,54,0,0,doctor,good
166,0,1,0,M,0,18,0,4.5,0,75,0,0,0,0,0,0,75,7,0,0,74,59,59,69,79,74,79,49,0,0,doctor,good
167,0,1,1,F,1,19,1,4.6,1,55,1,1,1,1,1,1,50,5,1,1,69,49,54,79,69,95,95,74,0,0,doctor,average
168,1,0,0,M,0,17,0,5.5,0,60,0,0,0,0,0,0,83,10,0,0,89,74,65,69,74,49,59,65,0,0,doctor,good
169,1,0,1,M,1,20,1,6,1,65,1,1,1,1,1,1,61,4,1,1,79,74,79,89,95,69,74,54,0,0,doctor,average
170,1,1,0,M,1,21,1,5.1,1,61,1,1,1,1,1,1,65,5,1,1,74,69,74,69,44,89,69,49,1,1,militray,average
171,1,1,1,F,1,23,1,6.1,1,50,1,1,1,1,1,1,51,3,1,1,59,89,74,49,59,54,89,69,1,1,militray,average
172,2,2,2,M,2,22,2,5.1,2,67,2,2,2,2,2,2,10,1,2,2,74,79,69,79,49,79,54,54,1,1,militray,bad
173,2,2,1,F,2,21,2,5.9,2,43,2,2,2,2,2,2,15,2,2,2,69,69,95,65,65,49,69,49,1,1,militray,bad
174,2,1,2,F,2,20,2,4.11,2,44,2,2,2,2,2,2,25,1,2,2,74,59,98,69,49,54,79,59,1,1,militray,bad
175,2,1,1,M,1,18,1,4.9,1,56,1,1,1,1,1,1,63,3,1,1,79,65,54,79,54,69,49,49,1,1,militray,average
176,1,1,2,F,1,17,1,6.4,1,53,1,1,1,1,1,1,61,5,1,1,59,69,74,74,74,54,59,69,1,1,militray,average
177,1,2,1,M,1,19,1,5.9,1,68,1,1,1,1,1,1,59,4,1,1,65,74,74,49,49,65,65,54,1,1,militray,average
178,1,2,2,M,2,21,2,5.8,2,66,2,2,2,2,2,2,30,2,2,2,69,59,49,89,49,69,74,65,1,1,militray,bad
179,0,0,0,F,0,20,0,5,0,55,0,0,0,0,0,0,80,9,0,0,49,65,79,74,59,49,49,69,1,1,militray,good
180,0,2,0,F,0,18,0,4.5,0,53,0,0,0,0,0,0,95,7,0,0,69,79,95,59,54,74,74,95,1,1,militray,good
181,0,0,2,M,0,17,0,4.6,0,58,0,0,0,0,0,0,83,10,0,0,74,69,69,79,49,95,95,49,1,1,militray,good
182,2,0,0,M,0,19,0,5.5,0,62,0,0,0,0,0,0,90,6,0,0,74,74,49,89,54,49,79,89,1,1,militray,good
183,2,2,0,F,2,20,2,5.8,2,57,2,2,2,2,2,2,35,0,2,2,89,89,59,74,59,49,49,54,1,1,militray,bad
184,2,2,2,F,2,19,2,5.3,2,49,2,2,2,2,2,2,17,1,2,2,95,49,54,65,49,74,74,69,1,1,militray,bad
185,0,2,0,F,0,18,0,4.5,0,53,0,0,0,0,0,0,95,7,0,0,79,59,65,54,54,49,54,65,1,1,militray,good
186,0,0,2,M,0,17,0,4.6,0,58,0,0,0,0,0,0,83,10,0,0,74,89,69,74,59,65,89,59,1,1,militray,good
187,2,0,0,M,0,19,0,5.5,0,62,0,0,0,0,0,0,90,6,0,0,59,69,89,49,65,49,54,49,1,1,militray,good
188,2,2,0,F,2,20,2,5.8,2,57,2,2,2,2,2,2,35,0,2,2,69,74,79,95,49,54,69,95,1,1,militray,bad
189,2,2,2,F,2,19,2,5.3,2,49,2,2,2,2,2,2,17,1,2,2,49,65,69,89,54,74,95,89,1,1,militray,bad
190,2,2,2,F,2,19,2,5.3,2,49,2,2,2,2,2,2,17,1,2,2,79,95,49,79,59,69,49,59,1,1,militray,bad
191,0,0,0,M,0,19,0,5.8,0,58,0,0,0,0,0,0,70,6,0,0,65,69,54,74,49,65,54,69,1,1,militray,good
192,0,0,1,F,0,18,0,5,0,45,0,0,0,0,0,0,80,9,0,0,89,59,79,54,65,79,59,49,1,1,militray,good
193,0,1,0,M,0,18,0,4.5,0,75,0,0,0,0,0,0,75,7,0,0,74,74,95,89,49,69,69,74,1,1,militray,good
194,0,1,1,F,1,19,1,4.6,1,55,1,1,1,1,1,1,50,5,1,1,95,49,69,79,54,74,54,54,1,1,militray,average
195,1,0,0,M,0,17,0,5.5,0,60,0,0,0,0,0,0,83,10,0,0,74,69,74,74,65,49,65,74,1,1,militray,good
196,1,0,1,M,1,20,1,6,1,65,1,1,1,1,1,1,61,4,1,1,65,74,74,59,59,59,49,49,1,1,militray,average
197,1,1,0,M,1,21,1,5.1,1,61,1,1,1,1,1,1,65,5,1,1,49,74,65,69,54,89,74,74,1,1,militray,average
198,1,1,1,F,1,23,1,6.1,1,50,1,1,1,1,1,1,51,3,1,1,69,79,54,95,49,69,95,95,1,1,militray,average
199,2,2,2,M,2,22,2,5.1,2,67,2,2,2,2,2,2,10,1,2,2,76,76,52,97,47,51,47,60,0,0,engineer,bad
200,2,2,1,F,2,21,2,5.9,2,43,2,2,2,2,2,2,15,2,2,2,70,80,55,70,52,76,52,95,0,0,engineer,bad
201,0,0,0,M,0,19,0,5.8,0,58,0,0,0,0,0,0,70,6,0,0,92,76,65,52,60,55,60,80,0,0,engineer,good
202,0,0,1,F,0,18,0,5,0,45,0,0,0,0,0,0,80,9,0,0,95,97,52,55,55,70,55,70,0,0,engineer,good
203,0,1,0,M,0,18,0,4.5,0,75,0,0,0,0,0,0,75,7,0,0,60,76,60,70,47,65,46,65,0,0,engineer,good
204,0,1,1,F,1,19,1,4.6,1,55,1,1,1,1,1,1,50,5,1,1,65,70,76,60,65,76,65,55,0,0,engineer,average
205,1,0,0,M,0,17,0,5.5,0,60,0,0,0,0,0,0,83,10,0,0,76,80,76,70,56,60,60,80,0,0,engineer,good
206,1,0,1,M,1,20,1,6,1,65,1,1,1,1,1,1,61,4,1,1,97,92,70,80,55,55,55,60,0,0,engineer,average
207,1,1,0,M,1,21,1,5.1,1,61,1,1,1,1,1,1,65,5,1,1,92,76,62,70,47,52,52,65,0,0,engineer,average
208,1,1,1,F,1,23,1,6.1,1,50,1,1,1,1,1,1,51,3,1,1,55,95,52,70,40,70,70,70,0,0,engineer,average
209,2,2,2,M,2,22,2,5.1,2,67,2,2,2,2,2,2,10,1,2,2,46,52,70,65,76,80,55,60,0,0,doctor,bad
210,2,2,1,F,2,21,2,5.9,2,43,2,2,2,2,2,2,15,2,2,2,52,52,76,55,80,52,76,52,0,0,doctor,bad
211,2,1,2,F,2,20,2,4.11,2,44,2,2,2,2,2,2,25,1,2,2,70,55,95,52,76,55,65,95,0,0,doctor,bad
212,2,1,1,M,1,18,1,4.9,1,56,1,1,1,1,1,1,63,3,1,1,60,55,80,55,97,60,80,76,0,0,doctor,average
213,1,1,2,F,1,17,1,6.4,1,53,1,1,1,1,1,1,61,5,1,1,52,52,70,70,76,55,52,60,0,0,doctor,average
214,1,2,1,M,1,19,1,5.9,1,68,1,1,1,1,1,1,59,4,1,1,76,62,76,60,70,52,92,70,0,0,doctor,average
215,1,2,2,M,2,21,2,5.8,2,66,2,2,2,2,2,2,30,2,2,2,55,60,52,71,80,70,76,52,0,0,doctor,bad
216,0,0,0,F,0,20,0,5,0,55,0,0,0,0,0,0,80,9,0,0,95,55,60,80,92,76,70,60,0,0,doctor,good
217,0,2,0,F,0,18,0,4.5,0,53,0,0,0,0,0,0,95,7,0,0,76,52,70,70,87,52,95,70,0,0,doctor,good
218,0,0,2,M,0,17,0,4.6,0,58,0,0,0,0,0,0,83,10,0,0,60,60,55,92,96,55,52,65,0,0,doctor,good
219,2,0,0,M,0,19,0,5.5,0,62,0,0,0,0,0,0,90,6,0,0,65,76,65,55,47,76,60,55,1,1,militray,good
220,2,2,0,F,2,20,2,5.8,2,57,2,2,2,2,2,2,35,0,2,2,52,70,76,92,52,65,92,76,1,1,militray,bad
221,2,2,2,F,2,19,2,5.3,2,49,2,2,2,2,2,2,17,1,2,2,70,76,65,76,40,92,52,70,1,1,militray,bad
222,0,0,0,M,0,19,0,5.8,0,58,0,0,0,0,0,0,70,6,0,0,76,65,76,60,60,76,55,76,1,1,militray,good
223,0,0,1,F,0,18,0,5,0,45,0,0,0,0,0,0,80,9,0,0,52,76,70,76,40,70,76,65,1,1,militray,good
224,0,1,0,M,0,18,0,4.5,0,75,0,0,0,0,0,0,75,7,0,0,70,70,76,52,47,80,65,55,1,1,militray,good
225,0,1,1,F,1,19,1,4.6,1,55,1,1,1,1,1,1,50,5,1,1,65,80,95,95,40,52,70,70,1,1,militray,average
226,1,0,0,M,0,17,0,5.5,0,60,0,0,0,0,0,0,83,10,0,0,60,76,76,80,76,70,60,52,1,1,militray,good
227,1,0,1,M,1,20,1,6,1,65,1,1,1,1,1,1,61,4,1,1,55,76,52,60,95,76,76,80,1,1,militray,average
228,1,1,0,M,1,21,1,5.1,1,61,1,1,1,1,1,1,65,5,1,1,60,60,92,70,60,60,55,95,1,1,militray,average
229,1,1,1,F,1,23,1,6.1,1,50,1,1,1,1,1,1,51,3,1,1,95,70,52,55,65,80,76,76,1,1,militray,average
230,2,2,2,M,2,22,2,5.1,2,67,2,2,2,2,2,2,10,1,2,2,52,95,70,52,76,76,92,76,1,1,militray,bad
231,2,2,1,F,2,21,2,5.9,2,43,2,2,2,2,2,2,15,2,2,2,55,52,76,65,80,95,52,52,1,1,militray,bad
232,2,1,2,F,2,20,2,4.11,2,44,2,2,2,2,2,2,25,1,2,2,70,70,70,55,60,76,76,76,1,1,militray,bad
233,2,1,1,M,1,18,1,4.9,1,56,1,1,1,1,1,1,63,3,1,1,76,60,52,52,55,55,70,76,1,1,militray,average
234,1,1,2,F,1,17,1,6.4,1,53,1,1,1,1,1,1,61,5,1,1,76,76,65,70,65,80,60,60,1,1,militray,average
235,1,2,1,M,1,19,1,5.9,1,68,1,1,1,1,1,1,59,4,1,1,60,80,76,80,52,65,65,76,1,1,militray,average
236,1,2,2,M,2,21,2,5.8,2,66,2,2,2,2,2,2,30,2,2,2,70,76,76,55,52,70,55,76,1,1,militray,bad
237,0,0,0,F,0,20,0,5,0,55,0,0,0,0,0,0,80,9,0,0,60,70,70,65,60,52,70,95,1,1,militray,good
238,0,2,0,F,0,18,0,4.5,0,53,0,0,0,0,0,0,95,7,0,0,65,80,52,52,52,60,52,92,1,1,militray,good
239,0,0,2,M,0,17,0,4.6,0,58,0,0,0,0,0,0,83,10,0,0,76,95,76,70,65,55,80,70,1,1,militray,good
240,2,0,0,M,0,19,0,5.5,0,62,0,0,0,0,0,0,90,6,0,0,60,92,80,76,55,70,95,80,1,1,militray,good
241,2,2,0,F,2,20,2,5.8,2,57,2,2,2,2,2,2,35,0,2,2,70,60,76,76,52,92,52,92,1,1,militray,bad
242,2,2,2,F,2,19,2,5.3,2,49,2,2,2,2,2,2,17,1,2,2,76,55,95,70,76,52,70,65,1,1,militray,bad
243,0,0,0,M,0,19,0,5.8,0,58,0,0,0,0,0,0,70,6,0,0,92,52,76,60,70,76,92,80,1,1,militray,good
244,0,0,1,F,0,18,0,5,0,45,0,0,0,0,0,0,80,9,0,0,52,70,60,52,60,80,52,55,1,1,militray,good
245,0,1,0,M,0,18,0,4.5,0,75,0,0,0,0,0,0,75,7,0,0,60,76,55,55,65,60,76,76,1,1,militray,good
246,0,1,1,F,1,19,1,4.6,1,55,1,1,1,1,1,1,50,5,1,1,76,76,76,65,60,65,70,76,1,1,militray,average
247,1,0,0,M,0,17,0,5.5,0,60,0,0,0,0,0,0,83,10,0,0,80,80,65,92,55,76,80,70,1,1,militray,good
248,1,0,1,M,1,20,1,6,1,65,1,1,1,1,1,1,61,4,1,1,76,70,70,70,52,95,76,95,1,1,militray,average
249,1,1,0,M,1,21,1,5.1,1,61,1,1,1,1,1,1,65,5,1,1,52,60,52,80,76,55,55,76,0,0,engineer,average
250,1,1,1,F,1,23,1,6.1,1,50,1,1,1,1,1,1,51,3,1,1,55,52,76,65,70,70,65,55,0,0,engineer,average
251,2,2,2,M,2,22,2,5.1,2,67,2,2,2,2,2,2,10,1,2,2,70,70,76,52,60,60,60,52,0,0,engineer,bad
252,2,2,1,F,2,21,2,5.9,2,43,2,2,2,2,2,2,15,2,2,2,76,76,95,55,52,76,55,70,0,0,engineer,bad
253,2,1,2,F,2,20,2,4.11,2,44,2,2,2,2,2,2,25,1,2,2,80,76,52,70,60,76,95,65,0,0,engineer,bad
254,2,1,1,M,1,18,1,4.9,1,56,1,1,1,1,1,1,63,3,1,1,70,80,65,60,55,52,65,80,0,0,engineer,average
255,1,1,2,F,1,17,1,6.4,1,53,1,1,1,1,1,1,61,5,1,1,60,65,70,70,60,95,60,55,0,0,engineer,average
256,1,2,1,M,1,19,1,5.9,1,68,1,1,1,1,1,1,59,4,1,1,65,60,76,80,55,80,55,60,0,0,engineer,average
257,1,2,2,M,2,21,2,5.8,2,66,2,2,2,2,2,2,30,2,2,2,70,76,52,55,52,52,70,76,0,0,engineer,bad
258,0,0,0,F,0,20,0,5,0,55,0,0,0,0,0,0,80,9,0,0,52,70,76,70,52,55,52,65,0,0,engineer,good
259,0,2,0,F,0,18,0,4.5,0,53,0,0,0,0,0,0,95,7,0,0,92,80,95,65,76,76,76,60,0,0,doctor,good
260,0,0,2,M,0,17,0,4.6,0,58,0,0,0,0,0,0,83,10,0,0,95,92,76,60,80,65,65,55,0,0,doctor,good
261,2,0,0,M,0,19,0,5.5,0,62,0,0,0,0,0,0,90,6,0,0,70,70,70,52,76,60,76,76,0,0,doctor,good
262,2,2,0,F,2,20,2,5.8,2,57,2,2,2,2,2,2,35,0,2,2,76,80,76,55,80,95,70,70,0,0,doctor,bad
263,2,2,2,F,2,19,2,5.3,2,49,2,2,2,2,2,2,17,1,2,2,60,70,80,70,76,76,76,65,0,0,doctor,bad
264,0,0,0,M,0,19,0,5.8,0,58,0,0,0,0,0,0,70,6,0,0,65,80,76,60,70,70,52,55,0,0,doctor,good
265,0,0,1,F,0,18,0,5,0,45,0,0,0,0,0,0,80,9,0,0,76,60,60,70,80,76,80,52,0,0,doctor,good
266,0,1,0,M,0,18,0,4.5,0,75,0,0,0,0,0,0,75,7,0,0,70,52,55,80,70,95,95,76,0,0,doctor,good
267,0,1,1,F,1,19,1,4.6,1,55,1,1,1,1,1,1,50,5,1,1,92,76,65,70,76,52,60,65,0,0,doctor,average
268,1,0,0,M,0,17,0,5.5,0,60,0,0,0,0,0,0,83,10,0,0,80,76,80,92,95,70,76,55,0,0,doctor,good
269,1,0,1,M,1,20,1,6,1,65,1,1,1,1,1,1,61,4,1,1,76,70,76,70,47,92,70,52,1,1,militray,average
270,1,1,0,M,1,21,1,5.1,1,61,1,1,1,1,1,1,65,5,1,1,60,92,76,52,60,55,92,70,1,1,militray,average
271,1,1,1,F,1,23,1,6.1,1,50,1,1,1,1,1,1,51,3,1,1,76,80,70,80,52,80,55,55,1,1,militray,average
272,2,2,2,M,2,22,2,5.1,2,67,2,2,2,2,2,2,10,1,2,2,70,70,95,65,65,52,70,52,1,1,militray,bad
273,2,2,1,F,2,21,2,5.9,2,43,2,2,2,2,2,2,15,2,2,2,76,60,97,70,52,55,80,60,1,1,militray,bad
274,2,1,2,F,2,20,2,4.11,2,44,2,2,2,2,2,2,25,1,2,2,80,65,55,80,55,70,52,52,1,1,militray,bad
275,2,1,1,M,1,18,1,4.9,1,56,1,1,1,1,1,1,63,3,1,1,60,70,76,76,76,55,60,70,1,1,militray,average
276,1,1,2,F,1,17,1,6.4,1,53,1,1,1,1,1,1,61,5,1,1,65,76,76,52,52,65,65,55,1,1,militray,average
277,1,2,1,M,1,19,1,5.9,1,68,1,1,1,1,1,1,59,4,1,1,70,60,52,92,52,70,76,65,1,1,militray,average
278,1,2,2,M,2,21,2,5.8,2,66,2,2,2,2,2,2,30,2,2,2,52,65,80,76,60,52,52,70,1,1,militray,bad
279,0,0,0,F,0,20,0,5,0,55,0,0,0,0,0,0,80,9,0,0,70,80,95,60,55,76,76,95,1,1,militray,good
280,0,2,0,F,0,18,0,4.5,0,53,0,0,0,0,0,0,95,7,0,0,76,69,70,80,52,95,95,52,1,1,militray,good
281,0,0,2,M,0,17,0,4.6,0,58,0,0,0,0,0,0,83,10,0,0,76,76,52,92,55,52,81,92,1,1,militray,good
282,2,0,0,M,0,19,0,5.5,0,62,0,0,0,0,0,0,90,6,0,0,92,92,60,76,60,52,52,55,1,1,militray,good
283,2,2,0,F,2,20,2,5.8,2,57,2,2,2,2,2,2,35,0,2,2,95,52,55,65,52,76,76,70,1,1,militray,bad
284,2,2,2,F,2,19,2,5.3,2,49,2,2,2,2,2,2,17,1,2,2,80,60,65,55,55,52,55,65,1,1,militray,bad
285,0,2,0,F,0,18,0,4.5,0,53,0,0,0,0,0,0,95,7,0,0,76,92,70,76,61,65,92,60,1,1,militray,good
286,0,0,2,M,0,17,0,4.6,0,58,0,0,0,0,0,0,83,10,0,0,60,70,92,52,65,52,55,52,1,1,militray,good
287,2,0,0,M,0,19,0,5.5,0,62,0,0,0,0,0,0,90,6,0,0,70,76,80,95,52,55,70,95,1,1,militray,good
288,2,2,0,F,2,20,2,5.8,2,57,2,2,2,2,2,2,35,0,2,2,52,65,70,92,55,76,95,92,1,1,militray,bad
289,2,2,2,F,2,19,2,5.3,2,49,2,2,2,2,2,2,17,1,2,2,79,95,52,80,60,70,52,60,1,1,militray,bad
290,2,2,2,F,2,19,2,5.3,2,49,2,2,2,2,2,2,17,1,2,2,65,70,55,76,52,65,55,69,1,1,militray,bad
291,0,0,0,M,0,19,0,5.8,0,58,0,0,0,0,0,0,70,6,0,0,92,60,80,55,65,80,60,52,1,1,militray,good
292,0,0,1,F,0,18,0,5,0,45,0,0,0,0,0,0,80,9,0,0,76,76,95,92,52,70,70,76,1,1,militray,good
293,0,1,0,M,0,18,0,4.5,0,75,0,0,0,0,0,0,75,7,0,0,95,52,70,80,55,76,55,55,1,1,militray,good
294,0,1,1,F,1,19,1,4.6,1,55,1,1,1,1,1,1,50,5,1,1,76,70,76,76,65,52,65,76,1,1,militray,average
295,1,0,0,M,0,17,0,5.5,0,60,0,0,0,0,0,0,83,10,0,0,65,76,76,60,60,60,54,52,1,1,militray,good
296,1,0,1,M,1,20,1,6,1,65,1,1,1,1,1,1,61,4,1,1,52,76,65,70,55,92,76,76,1,1,militray,average
297,1,1,0,M,1,21,1,5.1,1,61,1,1,1,1,1,1,65,5,1,1,70,80,53,95,52,72,95,95,1,1,militray,average
298,1,1,1,F,1,23,1,6.1,1,50,1,1,1,1,1,1,51,3,1,1,75,75,50,100,45,50,45,60,0,0,engineer,average
299,2,2,2,M,2,22,2,5.1,2,67,2,2,2,2,2,2,10,1,2,2,70,80,55,70,50,75,50,95,0,0,engineer,bad
300,2,2,1,F,2,21,2,5.9,2,43,2,2,2,2,2,2,15,2,2,2,90,75,65,50,60,55,60,80,0,0,engineer,bad
301,0,0,0,M,0,19,0,5.8,0,58,0,0,0,0,0,0,70,6,0,0,95,94,50,55,55,70,55,70,0,0,engineer,good
302,0,0,1,F,0,18,0,5,0,45,0,0,0,0,0,0,80,9,0,0,60,75,60,70,45,65,45,65,0,0,engineer,good
303,0,1,0,M,0,18,0,4.5,0,75,0,0,0,0,0,0,75,7,0,0,65,70,75,60,65,75,65,55,0,0,engineer,good
304,0,1,1,F,1,19,1,4.6,1,55,1,1,1,1,1,1,50,5,1,1,75,80,75,70,60,60,60,80,0,0,engineer,average
305,1,0,0,M,0,17,0,5.5,0,60,0,0,0,0,0,0,83,10,0,0,94,90,70,80,55,55,55,60,0,0,engineer,good
306,1,0,1,M,1,20,1,6,1,65,1,1,1,1,1,1,61,4,1,1,90,75,65,70,45,50,50,65,0,0,engineer,average
307,1,1,0,M,1,21,1,5.1,1,61,1,1,1,1,1,1,65,5,1,1,55,95,50,70,40,70,70,70,0,0,engineer,average
308,1,1,1,F,1,23,1,6.1,1,50,1,1,1,1,1,1,51,3,1,1,45,50,70,65,75,80,55,60,0,0,doctor,average
309,2,2,2,M,2,22,2,5.1,2,67,2,2,2,2,2,2,10,1,2,2,50,50,75,55,80,50,75,50,0,0,doctor,bad
310,2,2,1,F,2,21,2,5.9,2,43,2,2,2,2,2,2,15,2,2,2,70,60,95,50,75,55,65,95,0,0,doctor,bad
311,2,1,2,F,2,20,2,4.11,2,44,2,2,2,2,2,2,25,1,2,2,60,55,80,55,94,60,80,75,0,0,doctor,bad
312,2,1,1,M,1,18,1,4.9,1,56,1,1,1,1,1,1,63,3,1,1,50,50,70,70,75,55,50,60,0,0,doctor,average
313,1,1,2,F,1,17,1,6.4,1,53,1,1,1,1,1,1,61,5,1,1,75,65,75,60,70,50,90,70,0,0,doctor,average
314,1,2,1,M,1,19,1,5.9,1,68,1,1,1,1,1,1,59,4,1,1,55,60,50,70,80,70,75,50,0,0,doctor,average
315,1,2,2,M,2,21,2,5.8,2,66,2,2,2,2,2,2,30,2,2,2,95,55,60,80,90,75,70,60,0,0,doctor,bad
316,0,0,0,F,0,20,0,5,0,55,0,0,0,0,0,0,80,9,0,0,75,50,70,70,75,50,95,70,0,0,doctor,good
317,0,2,0,F,0,18,0,4.5,0,53,0,0,0,0,0,0,95,7,0,0,60,60,55,90,95,55,50,65,0,0,doctor,good
318,0,0,2,M,0,17,0,4.6,0,58,0,0,0,0,0,0,83,10,0,0,65,75,65,55,45,75,60,55,1,1,militray,good
319,2,0,0,M,0,19,0,5.5,0,62,0,0,0,0,0,0,90,6,0,0,50,70,75,90,50,65,90,75,1,1,militray,good
320,2,2,0,F,2,20,2,5.8,2,57,2,2,2,2,2,2,35,0,2,2,70,75,65,75,40,90,50,70,1,1,militray,bad
321,2,2,2,F,2,19,2,5.3,2,49,2,2,2,2,2,2,17,1,2,2,75,65,75,60,60,75,55,75,1,1,militray,bad
322,0,0,0,M,0,19,0,5.8,0,58,0,0,0,0,0,0,70,6,0,0,50,75,70,75,40,70,75,65,1,1,militray,good
323,0,0,1,F,0,18,0,5,0,45,0,0,0,0,0,0,80,9,0,0,70,70,75,50,45,80,65,55,1,1,militray,good
324,0,1,0,M,0,18,0,4.5,0,75,0,0,0,0,0,0,75,7,0,0,65,80,95,95,40,50,70,70,1,1,militray,good
325,0,1,1,F,1,19,1,4.6,1,55,1,1,1,1,1,1,50,5,1,1,60,75,75,80,75,70,60,50,1,1,militray,average
326,1,0,0,M,0,17,0,5.5,0,60,0,0,0,0,0,0,83,10,0,0,55,75,50,60,95,75,75,80,1,1,militray,good
327,1,0,1,M,1,20,1,6,1,65,1,1,1,1,1,1,61,4,1,1,60,60,90,70,60,60,55,95,1,1,militray,average
328,1,1,0,M,1,21,1,5.1,1,61,1,1,1,1,1,1,65,5,1,1,95,70,50,55,65,80,75,75,1,1,militray,average
329,1,1,1,F,1,23,1,6.1,1,50,1,1,1,1,1,1,51,3,1,1,50,95,70,50,75,75,90,75,1,1,militray,average
330,2,2,2,M,2,22,2,5.1,2,67,2,2,2,2,2,2,10,1,2,2,55,50,75,65,80,95,50,50,1,1,militray,bad
331,2,2,1,F,2,21,2,5.9,2,43,2,2,2,2,2,2,15,2,2,2,70,70,70,55,60,75,75,75,1,1,militray,bad
332,2,1,2,F,2,20,2,4.11,2,44,2,2,2,2,2,2,25,1,2,2,75,60,50,50,55,55,70,75,1,1,militray,bad
333,2,1,1,M,1,18,1,4.9,1,56,1,1,1,1,1,1,63,3,1,1,75,75,65,70,65,80,60,60,1,1,militray,average
334,1,1,2,F,1,17,1,6.4,1,53,1,1,1,1,1,1,61,5,1,1,60,80,75,80,50,65,65,75,1,1,militray,average
335,1,2,1,M,1,19,1,5.9,1,68,1,1,1,1,1,1,59,4,1,1,70,75,75,55,50,70,55,75,1,1,militray,average
336,1,2,2,M,2,21,2,5.8,2,66,2,2,2,2,2,2,30,2,2,2,60,70,70,65,60,50,70,95,1,1,militray,bad
337,0,0,0,F,0,20,0,5,0,55,0,0,0,0,0,0,80,9,0,0,65,80,50,50,50,60,50,90,1,1,militray,good
338,0,2,0,F,0,18,0,4.5,0,53,0,0,0,0,0,0,95,7,0,0,75,95,75,70,65,55,80,70,1,1,militray,good
339,0,0,2,M,0,17,0,4.6,0,58,0,0,0,0,0,0,83,10,0,0,60,90,80,75,55,70,95,80,1,1,militray,good
340,2,0,0,M,0,19,0,5.5,0,62,0,0,0,0,0,0,90,6,0,0,70,60,75,75,50,90,50,90,1,1,militray,good
341,2,2,0,F,2,20,2,5.8,2,57,2,2,2,2,2,2,35,0,2,2,75,55,95,70,75,50,70,65,1,1,militray,bad
342,2,2,2,F,2,19,2,5.3,2,49,2,2,2,2,2,2,17,1,2,2,90,50,75,60,70,75,90,80,1,1,militray,bad
343,0,0,0,M,0,19,0,5.8,0,58,0,0,0,0,0,0,70,6,0,0,50,70,60,50,60,80,50,55,1,1,militray,good
344,0,0,1,F,0,18,0,5,0,45,0,0,0,0,0,0,80,9,0,0,60,75,55,55,65,60,75,75,1,1,militray,good
345,0,1,0,M,0,18,0,4.5,0,75,0,0,0,0,0,0,75,7,0,0,75,75,75,65,60,65,70,75,1,1,militray,good
346,0,1,1,F,1,19,1,4.6,1,55,1,1,1,1,1,1,50,5,1,1,80,80,65,90,55,75,80,70,1,1,militray,average
347,1,0,0,M,0,17,0,5.5,0,60,0,0,0,0,0,0,83,10,0,0,75,70,70,70,50,95,75,95,1,1,militray,good
348,1,0,1,M,1,20,1,6,1,65,1,1,1,1,1,1,61,4,1,1,50,60,50,80,75,55,55,75,0,0,engineer,average
349,1,1,0,M,1,21,1,5.1,1,61,1,1,1,1,1,1,65,5,1,1,55,50,75,65,70,70,65,55,0,0,engineer,average
350,1,1,1,F,1,23,1,6.1,1,50,1,1,1,1,1,1,51,3,1,1,70,70,75,50,60,60,60,50,0,0,engineer,average
351,2,2,2,M,2,22,2,5.1,2,67,2,2,2,2,2,2,10,1,2,2,75,75,95,55,50,75,55,70,0,0,engineer,bad
352,2,2,1,F,2,21,2,5.9,2,43,2,2,2,2,2,2,15,2,2,2,80,75,50,70,60,75,95,65,0,0,engineer,bad
353,2,1,2,F,2,20,2,4.11,2,44,2,2,2,2,2,2,25,1,2,2,70,80,65,60,55,50,65,80,0,0,engineer,bad
354,2,1,1,M,1,18,1,4.9,1,56,1,1,1,1,1,1,63,3,1,1,60,65,70,70,60,95,60,55,0,0,engineer,average
355,1,1,2,F,1,17,1,6.4,1,53,1,1,1,1,1,1,61,5,1,1,65,60,75,80,55,80,55,60,0,0,engineer,average
356,1,2,1,M,1,19,1,5.9,1,68,1,1,1,1,1,1,59,4,1,1,70,75,50,55,50,50,70,75,0,0,engineer,average
357,1,2,2,M,2,21,2,5.8,2,66,2,2,2,2,2,2,30,2,2,2,50,70,75,70,50,55,50,65,0,0,engineer,bad
358,0,0,0,F,0,20,0,5,0,55,0,0,0,0,0,0,80,9,0,0,90,80,95,65,75,75,75,60,0,0,doctor,good
359,0,2,0,F,0,18,0,4.5,0,53,0,0,0,0,0,0,95,7,0,0,95,90,75,60,80,65,65,55,0,0,doctor,good
360,0,0,2,M,0,17,0,4.6,0,58,0,0,0,0,0,0,83,10,0,0,70,70,70,50,75,60,75,75,0,0,doctor,good
361,2,0,0,M,0,19,0,5.5,0,62,0,0,0,0,0,0,90,6,0,0,75,80,75,55,80,95,70,70,0,0,doctor,good
362,2,2,0,F,2,20,2,5.8,2,57,2,2,2,2,2,2,35,0,2,2,60,70,80,70,75,75,75,65,0,0,doctor,bad
363,2,2,2,F,2,19,2,5.3,2,49,2,2,2,2,2,2,17,1,2,2,65,80,75,60,70,70,50,55,0,0,doctor,bad
364,0,0,0,M,0,19,0,5.8,0,58,0,0,0,0,0,0,70,6,0,0,75,60,60,70,80,75,80,50,0,0,doctor,good
365,0,0,1,F,0,18,0,5,0,45,0,0,0,0,0,0,80,9,0,0,70,50,55,80,70,95,95,75,0,0,doctor,good
366,0,1,0,M,0,18,0,4.5,0,75,0,0,0,0,0,0,75,7,0,0,90,75,65,70,75,50,60,65,0,0,doctor,good
367,0,1,1,F,1,19,1,4.6,1,55,1,1,1,1,1,1,50,5,1,1,80,75,80,90,95,70,75,55,0,0,doctor,average
368,1,0,0,M,0,17,0,5.5,0,60,0,0,0,0,0,0,83,10,0,0,75,70,75,70,45,90,70,50,1,1,militray,good
369,1,0,1,M,1,20,1,6,1,65,1,1,1,1,1,1,61,4,1,1,60,90,75,50,60,55,90,70,1,1,militray,average
370,1,1,0,M,1,21,1,5.1,1,61,1,1,1,1,1,1,65,5,1,1,75,80,70,80,50,80,55,55,1,1,militray,average
371,1,1,1,F,1,23,1,6.1,1,50,1,1,1,1,1,1,51,3,1,1,70,70,95,65,65,50,70,50,1,1,militray,average
372,2,2,2,M,2,22,2,5.1,2,67,2,2,2,2,2,2,10,1,2,2,75,60,94,70,50,55,80,60,1,1,militray,bad
373,2,2,1,F,2,21,2,5.9,2,43,2,2,2,2,2,2,15,2,2,2,80,65,55,80,55,70,50,50,1,1,militray,bad
374,2,1,2,F,2,20,2,4.11,2,44,2,2,2,2,2,2,25,1,2,2,60,70,75,75,75,55,60,70,1,1,militray,bad
375,2,1,1,M,1,18,1,4.9,1,56,1,1,1,1,1,1,63,3,1,1,65,75,75,50,50,65,65,55,1,1,militray,average
376,1,1,2,F,1,17,1,6.4,1,53,1,1,1,1,1,1,61,5,1,1,70,60,50,90,50,70,75,65,1,1,militray,average
377,1,2,1,M,1,19,1,5.9,1,68,1,1,1,1,1,1,59,4,1,1,50,65,80,75,60,50,50,70,1,1,militray,average
378,1,2,2,M,2,21,2,5.8,2,66,2,2,2,2,2,2,30,2,2,2,70,80,95,60,55,75,75,95,1,1,militray,bad
379,0,0,0,F,0,20,0,5,0,55,0,0,0,0,0,0,80,9,0,0,75,70,70,80,50,95,95,50,1,1,militray,good
380,0,2,0,F,0,18,0,4.5,0,53,0,0,0,0,0,0,95,7,0,0,75,75,50,90,55,50,80,90,1,1,militray,good
381,0,0,2,M,0,17,0,4.6,0,58,0,0,0,0,0,0,83,10,0,0,90,90,60,75,60,50,50,55,1,1,militray,good
382,2,0,0,M,0,19,0,5.5,0,62,0,0,0,0,0,0,90,6,0,0,95,50,55,65,50,75,75,70,1,1,militray,good
383,2,2,0,F,2,20,2,5.8,2,57,2,2,2,2,2,2,35,0,2,2,80,60,65,55,55,50,55,65,1,1,militray,bad
384,2,2,2,F,2,19,2,5.3,2,49,2,2,2,2,2,2,17,1,2,2,75,90,70,75,60,65,90,60,1,1,militray,bad
385,0,2,0,F,0,18,0,4.5,0,53,0,0,0,0,0,0,95,7,0,0,60,70,90,50,65,50,55,50,1,1,militray,good
386,0,0,2,M,0,17,0,4.6,0,58,0,0,0,0,0,0,83,10,0,0,70,75,80,95,50,55,70,95,1,1,militray,good
387,2,0,0,M,0,19,0,5.5,0,62,0,0,0,0,0,0,90,6,0,0,50,65,70,90,55,75,95,90,1,1,militray,good
388,2,2,0,F,2,20,2,5.8,2,57,2,2,2,2,2,2,35,0,2,2,80,95,50,80,60,70,50,60,1,1,militray,bad
389,2,2,2,F,2,19,2,5.3,2,49,2,2,2,2,2,2,17,1,2,2,65,70,55,75,50,65,55,70,1,1,militray,bad
390,2,2,2,F,2,19,2,5.3,2,49,2,2,2,2,2,2,17,1,2,2,90,60,80,55,65,80,60,50,1,1,militray,bad
391,0,0,0,M,0,19,0,5.8,0,58,0,0,0,0,0,0,70,6,0,0,75,75,95,90,50,70,70,75,1,1,militray,good
392,0,0,1,F,0,18,0,5,0,45,0,0,0,0,0,0,80,9,0,0,95,50,70,80,55,75,55,55,1,1,militray,good
393,0,1,0,M,0,18,0,4.5,0,75,0,0,0,0,0,0,75,7,0,0,75,70,75,75,65,50,65,75,1,1,militray,good
394,0,1,1,F,1,19,1,4.6,1,55,1,1,1,1,1,1,50,5,1,1,65,75,75,60,60,60,50,50,1,1,militray,average
395,1,0,0,M,0,17,0,5.5,0,60,0,0,0,0,0,0,83,10,0,0,50,75,65,70,55,90,75,75,1,1,militray,good
396,1,0,1,M,1,20,1,6,1,65,1,1,1,1,1,1,61,4,1,1,70,80,55,95,50,70,95,95,1,1,militray,average
397,1,1,0,M,1,21,1,5.1,1,61,1,1,1,1,1,1,65,5,1,1,74,74,49,98,44,49,44,59,0,0,engineer,average
398,1,1,1,F,1,23,1,6.1,1,50,1,1,1,1,1,1,51,3,1,1,69,79,54,69,49,74,49,95,0,0,engineer,average
399,2,2,2,M,2,22,2,5.1,2,67,2,2,2,2,2,2,10,1,2,2,89,74,65,49,59,54,59,79,0,0,engineer,bad
400,2,2,1,F,2,21,2,5.9,2,43,2,2,2,2,2,2,15,2,2,2,95,98,49,54,54,69,54,69,0,0,engineer,bad
401,0,0,0,M,0,19,0,5.8,0,58,0,0,0,0,0,0,70,6,0,0,59,74,59,69,44,65,44,65,0,0,engineer,good
402,0,0,1,F,0,18,0,5,0,45,0,0,0,0,0,0,80,9,0,0,65,69,74,59,65,74,65,54,0,0,engineer,good
403,0,1,0,M,0,18,0,4.5,0,75,0,0,0,0,0,0,75,7,0,0,74,79,74,69,59,59,59,79,0,0,engineer,good
404,0,1,1,F,1,19,1,4.6,1,55,1,1,1,1,1,1,50,5,1,1,98,89,69,79,54,54,54,59,0,0,engineer,average
405,1,0,0,M,0,17,0,5.5,0,60,0,0,0,0,0,0,83,10,0,0,89,74,65,69,44,49,49,65,0,0,engineer,good
406,1,0,1,M,1,20,1,6,1,65,1,1,1,1,1,1,61,4,1,1,54,95,49,69,39,69,69,69,0,0,engineer,average
407,1,1,0,M,1,21,1,5.1,1,61,1,1,1,1,1,1,65,5,1,1,44,49,69,65,74,79,54,59,0,0,doctor,average
408,1,1,1,F,1,23,1,6.1,1,50,1,1,1,1,1,1,51,3,1,1,49,49,74,54,79,49,74,49,0,0,doctor,average
409,2,2,2,M,2,22,2,5.1,2,67,2,2,2,2,2,2,10,1,2,2,69,59,95,49,74,54,65,95,0,0,doctor,bad
410,2,2,1,F,2,21,2,5.9,2,43,2,2,2,2,2,2,15,2,2,2,59,54,79,54,98,59,79,74,0,0,doctor,bad
411,2,1,2,F,2,20,2,4.11,2,44,2,2,2,2,2,2,25,1,2,2,49,49,69,69,74,54,49,59,0,0,doctor,bad
412,2,1,1,M,1,18,1,4.9,1,56,1,1,1,1,1,1,63,3,1,1,74,65,74,59,69,49,89,69,0,0,doctor,average
413,1,1,2,F,1,17,1,6.4,1,53,1,1,1,1,1,1,61,5,1,1,54,59,49,69,79,69,74,49,0,0,doctor,average
414,1,2,1,M,1,19,1,5.9,1,68,1,1,1,1,1,1,59,4,1,1,95,54,59,79,89,74,69,59,0,0,doctor,average
415,1,2,2,M,2,21,2,5.8,2,66,2,2,2,2,2,2,30,2,2,2,74,49,69,69,74,49,95,69,0,0,doctor,bad
416,0,0,0,F,0,20,0,5,0,55,0,0,0,0,0,0,80,9,0,0,59,59,54,89,95,54,49,65,0,0,doctor,good
417,0,2,0,F,0,18,0,4.5,0,53,0,0,0,0,0,0,95,7,0,0,65,74,65,54,44,74,59,54,1,1,militray,good
418,0,0,2,M,0,17,0,4.6,0,58,0,0,0,0,0,0,83,10,0,0,49,69,74,89,49,65,89,74,1,1,militray,good
419,2,0,0,M,0,19,0,5.5,0,62,0,0,0,0,0,0,90,6,0,0,69,74,65,74,39,89,49,69,1,1,militray,good
420,2,2,0,F,2,20,2,5.8,2,57,2,2,2,2,2,2,35,0,2,2,74,65,74,59,59,74,54,74,1,1,militray,bad
421,2,2,2,F,2,19,2,5.3,2,49,2,2,2,2,2,2,17,1,2,2,49,74,69,74,39,69,74,65,1,1,militray,bad
422,0,0,0,M,0,19,0,5.8,0,58,0,0,0,0,0,0,70,6,0,0,69,69,74,49,44,79,65,54,1,1,militray,good
423,0,0,1,F,0,18,0,5,0,45,0,0,0,0,0,0,80,9,0,0,65,79,95,95,39,49,69,69,1,1,militray,good
424,0,1,0,M,0,18,0,4.5,0,75,0,0,0,0,0,0,75,7,0,0,59,74,74,79,74,69,59,49,1,1,militray,good
425,0,1,1,F,1,19,1,4.6,1,55,1,1,1,1,1,1,50,5,1,1,54,74,49,59,95,74,74,79,1,1,militray,average
426,1,0,0,M,0,17,0,5.5,0,60,0,0,0,0,0,0,83,10,0,0,59,59,89,69,59,59,54,95,1,1,militray,good
427,1,0,1,M,1,20,1,6,1,65,1,1,1,1,1,1,61,4,1,1,95,69,49,54,65,79,74,74,1,1,militray,average
428,1,1,0,M,1,21,1,5.1,1,61,1,1,1,1,1,1,65,5,1,1,49,95,69,49,74,74,89,74,1,1,militray,average
429,1,1,1,F,1,23,1,6.1,1,50,1,1,1,1,1,1,51,3,1,1,54,49,74,65,79,95,49,49,1,1,militray,average
430,2,2,2,M,2,22,2,5.1,2,67,2,2,2,2,2,2,10,1,2,2,69,69,69,54,59,74,74,74,1,1,militray,bad
431,2,2,1,F,2,21,2,5.9,2,43,2,2,2,2,2,2,15,2,2,2,74,59,49,49,54,54,69,74,1,1,militray,bad
432,2,1,2,F,2,20,2,4.11,2,44,2,2,2,2,2,2,25,1,2,2,74,74,65,69,65,79,59,59,1,1,militray,bad
433,2,1,1,M,1,18,1,4.9,1,56,1,1,1,1,1,1,63,3,1,1,59,79,74,79,49,65,65,74,1,1,militray,average
434,1,1,2,F,1,17,1,6.4,1,53,1,1,1,1,1,1,61,5,1,1,69,74,74,54,49,69,54,74,1,1,militray,average
435,1,2,1,M,1,19,1,5.9,1,68,1,1,1,1,1,1,59,4,1,1,59,69,69,65,59,49,69,95,1,1,militray,average
436,1,2,2,M,2,21,2,5.8,2,66,2,2,2,2,2,2,30,2,2,2,65,79,49,49,49,59,49,89,1,1,militray,bad
437,0,0,0,F,0,20,0,5,0,55,0,0,0,0,0,0,80,9,0,0,74,95,74,69,65,54,79,69,1,1,militray,good
438,0,2,0,F,0,18,0,4.5,0,53,0,0,0,0,0,0,95,7,0,0,59,89,79,74,54,69,95,79,1,1,militray,good
439,0,0,2,M,0,17,0,4.6,0,58,0,0,0,0,0,0,83,10,0,0,69,59,74,74,49,89,49,89,1,1,militray,good
440,2,0,0,M,0,19,0,5.5,0,62,0,0,0,0,0,0,90,6,0,0,74,54,95,69,74,49,69,65,1,1,militray,good
441,2,2,0,F,2,20,2,5.8,2,57,2,2,2,2,2,2,35,0,2,2,89,49,74,59,69,74,89,79,1,1,militray,bad
442,2,2,2,F,2,19,2,5.3,2,49,2,2,2,2,2,2,17,1,2,2,49,69,59,49,59,79,49,54,1,1,militray,bad
443,0,0,0,M,0,19,0,5.8,0,58,0,0,0,0,0,0,70,6,0,0,59,74,54,54,65,59,74,74,1,1,militray,good
444,0,0,1,F,0,18,0,5,0,45,0,0,0,0,0,0,80,9,0,0,74,74,74,65,59,65,69,74,1,1,militray,good
445,0,1,0,M,0,18,0,4.5,0,75,0,0,0,0,0,0,75,7,0,0,79,79,65,89,54,74,79,69,1,1,militray,good
446,0,1,1,F,1,19,1,4.6,1,55,1,1,1,1,1,1,50,5,1,1,74,69,69,69,49,95,74,95,1,1,militray,average
447,1,0,0,M,0,17,0,5.5,0,60,0,0,0,0,0,0,83,10,0,0,49,59,49,79,74,54,54,74,0,0,engineer,good
448,1,0,1,M,1,20,1,6,1,65,1,1,1,1,1,1,61,4,1,1,54,49,74,65,69,69,65,54,0,0,engineer,average
449,1,1,0,M,1,21,1,5.1,1,61,1,1,1,1,1,1,65,5,1,1,69,69,74,49,59,59,59,49,0,0,engineer,average
450,1,1,1,F,1,23,1,6.1,1,50,1,1,1,1,1,1,51,3,1,1,74,74,95,54,49,74,54,69,0,0,engineer,average
451,2,2,2,M,2,22,2,5.1,2,67,2,2,2,2,2,2,10,1,2,2,79,74,49,69,59,74,95,65,0,0,engineer,bad
452,2,2,1,F,2,21,2,5.9,2,43,2,2,2,2,2,2,15,2,2,2,69,79,65,59,54,49,65,79,0,0,engineer,bad
453,2,1,2,F,2,20,2,4.11,2,44,2,2,2,2,2,2,25,1,2,2,59,65,69,69,59,95,59,54,0,0,engineer,bad
454,2,1,1,M,1,18,1,4.9,1,56,1,1,1,1,1,1,63,3,1,1,65,59,74,79,54,79,54,59,0,0,engineer,average
455,1,1,2,F,1,17,1,6.4,1,53,1,1,1,1,1,1,61,5,1,1,69,74,49,54,49,49,69,74,0,0,engineer,average
456,1,2,1,M,1,19,1,5.9,1,68,1,1,1,1,1,1,59,4,1,1,49,69,74,69,49,54,49,65,0,0,engineer,average
457,1,2,2,M,2,21,2,5.8,2,66,2,2,2,2,2,2,30,2,2,2,89,79,95,65,74,74,74,59,0,0,doctor,bad
458,0,0,0,F,0,20,0,5,0,55,0,0,0,0,0,0,80,9,0,0,95,89,74,59,79,65,65,54,0,0,doctor,good
459,0,2,0,F,0,18,0,4.5,0,53,0,0,0,0,0,0,95,7,0,0,69,69,69,49,74,59,74,74,0,0,doctor,good
460,0,0,2,M,0,17,0,4.6,0,58,0,0,0,0,0,0,83,10,0,0,74,79,74,54,79,95,69,69,0,0,doctor,good
461,2,0,0,M,0,19,0,5.5,0,62,0,0,0,0,0,0,90,6,0,0,59,69,79,69,74,74,74,65,0,0,doctor,good
462,2,2,0,F,2,20,2,5.8,2,57,2,2,2,2,2,2,35,0,2,2,65,79,74,59,69,69,49,54,0,0,doctor,bad
463,2,2,2,F,2,19,2,5.3,2,49,2,2,2,2,2,2,17,1,2,2,74,59,59,69,79,74,79,49,0,0,doctor,bad
464,0,0,0,M,0,19,0,5.8,0,58,0,0,0,0,0,0,70,6,0,0,69,49,54,79,69,95,95,74,0,0,doctor,good
465,0,0,1,F,0,18,0,5,0,45,0,0,0,0,0,0,80,9,0,0,89,74,65,69,74,49,59,65,0,0,doctor,good
466,0,1,0,M,0,18,0,4.5,0,75,0,0,0,0,0,0,75,7,0,0,79,74,79,89,95,69,74,54,0,0,doctor,good
467,0,1,1,F,1,19,1,4.6,1,55,1,1,1,1,1,1,50,5,1,1,74,69,74,69,44,89,69,49,1,1,militray,average
468,1,0,0,M,0,17,0,5.5,0,60,0,0,0,0,0,0,83,10,0,0,59,89,74,49,59,54,89,69,1,1,militray,good
469,1,0,1,M,1,20,1,6,1,65,1,1,1,1,1,1,61,4,1,1,74,79,69,79,49,79,54,54,1,1,militray,average
470,1,1,0,M,1,21,1,5.1,1,61,1,1,1,1,1,1,65,5,1,1,69,69,95,65,65,49,69,49,1,1,militray,average
471,1,1,1,F,1,23,1,6.1,1,50,1,1,1,1,1,1,51,3,1,1,74,59,98,69,49,54,79,59,1,1,militray,average
472,2,2,2,M,2,22,2,5.1,2,67,2,2,2,2,2,2,10,1,2,2,79,65,54,79,54,69,49,49,1,1,militray,bad
473,2,2,1,F,2,21,2,5.9,2,43,2,2,2,2,2,2,15,2,2,2,59,69,74,74,74,54,59,69,1,1,militray,bad
474,2,1,2,F,2,20,2,4.11,2,44,2,2,2,2,2,2,25,1,2,2,65,74,74,49,49,65,65,54,1,1,militray,bad
475,2,1,1,M,1,18,1,4.9,1,56,1,1,1,1,1,1,63,3,1,1,69,59,49,89,49,69,74,65,1,1,militray,average
476,1,1,2,F,1,17,1,6.4,1,53,1,1,1,1,1,1,61,5,1,1,49,65,79,74,59,49,49,69,1,1,militray,average
477,1,2,1,M,1,19,1,5.9,1,68,1,1,1,1,1,1,59,4,1,1,69,79,95,59,54,74,74,95,1,1,militray,average
478,1,2,2,M,2,21,2,5.8,2,66,2,2,2,2,2,2,30,2,2,2,74,69,69,79,49,95,95,49,1,1,militray,bad
479,0,0,0,F,0,20,0,5,0,55,0,0,0,0,0,0,80,9,0,0,74,74,49,89,54,49,79,89,1,1,militray,good
480,0,2,0,F,0,18,0,4.5,0,53,0,0,0,0,0,0,95,7,0,0,89,89,59,74,59,49,49,54,1,1,militray,good
481,0,0,2,M,0,17,0,4.6,0,58,0,0,0,0,0,0,83,10,0,0,95,49,54,65,49,74,74,69,1,1,militray,good
482,2,0,0,M,0,19,0,5.5,0,62,0,0,0,0,0,0,90,6,0,0,79,59,65,54,54,49,54,65,1,1,militray,good
483,2,2,0,F,2,20,2,5.8,2,57,2,2,2,2,2,2,35,0,2,2,74,89,69,74,59,65,89,59,1,1,militray,bad
484,2,2,2,F,2,19,2,5.3,2,49,2,2,2,2,2,2,17,1,2,2,59,69,89,49,65,49,54,49,1,1,militray,bad
485,0,2,0,F,0,18,0,4.5,0,53,0,0,0,0,0,0,95,7,0,0,69,74,79,95,49,54,69,95,1,1,militray,good
486,0,0,2,M,0,17,0,4.6,0,58,0,0,0,0,0,0,83,10,0,0,49,65,69,89,54,74,95,89,1,1,militray,good
487,2,0,0,M,0,19,0,5.5,0,62,0,0,0,0,0,0,90,6,0,0,79,95,49,79,59,69,49,59,1,1,militray,good
488,2,2,0,F,2,20,2,5.8,2,57,2,2,2,2,2,2,35,0,2,2,65,69,54,74,49,65,54,69,1,1,militray,bad
489,2,2,2,F,2,19,2,5.3,2,49,2,2,2,2,2,2,17,1,2,2,89,59,79,54,65,79,59,49,1,1,militray,bad
490,2,2,2,F,2,19,2,5.3,2,49,2,2,2,2,2,2,17,1,2,2,74,74,95,89,49,69,69,74,1,1,militray,bad
491,0,0,0,M,0,19,0,5.8,0,58,0,0,0,0,0,0,70,6,0,0,95,49,69,79,54,74,54,54,1,1,militray,good
492,0,0,1,F,0,18,0,5,0,45,0,0,0,0,0,0,80,9,0,0,74,69,74,74,65,49,65,74,1,1,militray,good
493,0,1,0,M,0,18,0,4.5,0,75,0,0,0,0,0,0,75,7,0,0,65,74,74,59,59,59,49,49,1,1,militray,good
494,0,1,1,F,1,19,1,4.6,1,55,1,1,1,1,1,1,50,5,1,1,49,74,65,69,54,89,74,74,1,1,militray,average
495,1,0,0,M,0,17,0,5.5,0,60,0,0,0,0,0,0,83,10,0,0,69,79,54,95,49,69,95,95,1,1,militray,good
496,1,0,1,M,1,20,1,6,1,65,1,1,1,1,1,1,61,4,1,1,76,76,52,97,47,51,47,60,0,0,engineer,average
497,1,1,0,M,1,21,1,5.1,1,61,1,1,1,1,1,1,65,5,1,1,70,80,55,70,52,76,52,95,0,0,engineer,average
498,1,1,1,F,1,23,1,6.1,1,50,1,1,1,1,1,1,51,3,1,1,92,76,65,52,60,55,60,80,0,0,engineer,average
499,2,2,2,M,2,22,2,5.1,2,67,2,2,2,2,2,2,10,1,2,2,95,97,52,55,55,70,55,70,0,0,engineer,bad
500,2,2,1,F,2,21,2,5.9,2,43,2,2,2,2,2,2,15,2,2,2,60,76,60,70,47,65,46,65,0,0,engineer,bad
501,0,0,0,M,0,19,0,5.8,0,58,0,0,0,0,0,0,70,6,0,0,65,70,76,60,65,76,65,55,0,0,engineer,good
502,0,0,1,F,0,18,0,5,0,45,0,0,0,0,0,0,80,9,0,0,76,80,76,70,56,60,60,80,0,0,engineer,good
503,0,1,0,M,0,18,0,4.5,0,75,0,0,0,0,0,0,75,7,0,0,97,92,70,80,55,55,55,60,0,0,engineer,good
504,0,1,1,F,1,19,1,4.6,1,55,1,1,1,1,1,1,50,5,1,1,92,76,62,70,47,52,52,65,0,0,engineer,average
505,1,0,0,M,0,17,0,5.5,0,60,0,0,0,0,0,0,83,10,0,0,55,95,52,70,40,70,70,70,0,0,engineer,good
506,1,0,1,M,1,20,1,6,1,65,1,1,1,1,1,1,61,4,1,1,46,52,70,65,76,80,55,60,0,0,doctor,average
507,1,1,0,M,1,21,1,5.1,1,61,1,1,1,1,1,1,65,5,1,1,52,52,76,55,80,52,76,52,0,0,doctor,average
508,1,1,1,F,1,23,1,6.1,1,50,1,1,1,1,1,1,51,3,1,1,70,55,95,52,76,55,65,95,0,0,doctor,average
509,2,2,2,M,2,22,2,5.1,2,67,2,2,2,2,2,2,10,1,2,2,60,55,80,55,97,60,80,76,0,0,doctor,bad
510,2,2,1,F,2,21,2,5.9,2,43,2,2,2,2,2,2,15,2,2,2,52,52,70,70,76,55,52,60,0,0,doctor,bad
511,2,1,2,F,2,20,2,4.11,2,44,2,2,2,2,2,2,25,1,2,2,76,62,76,60,70,52,92,70,0,0,doctor,bad
512,2,1,1,M,1,18,1,4.9,1,56,1,1,1,1,1,1,63,3,1,1,55,60,52,71,80,70,76,52,0,0,doctor,average
513,1,1,2,F,1,17,1,6.4,1,53,1,1,1,1,1,1,61,5,1,1,95,55,60,80,92,76,70,60,0,0,doctor,average
514,1,2,1,M,1,19,1,5.9,1,68,1,1,1,1,1,1,59,4,1,1,76,52,70,70,87,52,95,70,0,0,doctor,average
515,1,2,2,M,2,21,2,5.8,2,66,2,2,2,2,2,2,30,2,2,2,60,60,55,92,96,55,52,65,0,0,doctor,bad
516,0,0,0,F,0,20,0,5,0,55,0,0,0,0,0,0,80,9,0,0,65,76,65,55,47,76,60,55,1,1,militray,good
517,0,2,0,F,0,18,0,4.5,0,53,0,0,0,0,0,0,95,7,0,0,52,70,76,92,52,65,92,76,1,1,militray,good
518,0,0,2,M,0,17,0,4.6,0,58,0,0,0,0,0,0,83,10,0,0,70,76,65,76,40,92,52,70,1,1,militray,good
519,2,0,0,M,0,19,0,5.5,0,62,0,0,0,0,0,0,90,6,0,0,76,65,76,60,60,76,55,76,1,1,militray,good
520,2,2,0,F,2,20,2,5.8,2,57,2,2,2,2,2,2,35,0,2,2,52,76,70,76,40,70,76,65,1,1,militray,bad
521,2,2,2,F,2,19,2,5.3,2,49,2,2,2,2,2,2,17,1,2,2,70,70,76,52,47,80,65,55,1,1,militray,bad
522,0,0,0,M,0,19,0,5.8,0,58,0,0,0,0,0,0,70,6,0,0,65,80,95,95,40,52,70,70,1,1,militray,good
523,0,0,1,F,0,18,0,5,0,45,0,0,0,0,0,0,80,9,0,0,60,76,76,80,76,70,60,52,1,1,militray,good
524,0,1,0,M,0,18,0,4.5,0,75,0,0,0,0,0,0,75,7,0,0,55,76,52,60,95,76,76,80,1,1,militray,good
525,0,1,1,F,1,19,1,4.6,1,55,1,1,1,1,1,1,50,5,1,1,60,60,92,70,60,60,55,95,1,1,militray,average
526,1,0,0,M,0,17,0,5.5,0,60,0,0,0,0,0,0,83,10,0,0,95,70,52,55,65,80,76,76,1,1,militray,good
527,1,0,1,M,1,20,1,6,1,65,1,1,1,1,1,1,61,4,1,1,52,95,70,52,76,76,92,76,1,1,militray,average
528,1,1,0,M,1,21,1,5.1,1,61,1,1,1,1,1,1,65,5,1,1,55,52,76,65,80,95,52,52,1,1,militray,average
529,1,1,1,F,1,23,1,6.1,1,50,1,1,1,1,1,1,51,3,1,1,70,70,70,55,60,76,76,76,1,1,militray,average
530,2,2,2,M,2,22,2,5.1,2,67,2,2,2,2,2,2,10,1,2,2,76,60,52,52,55,55,70,76,1,1,militray,bad
531,2,2,1,F,2,21,2,5.9,2,43,2,2,2,2,2,2,15,2,2,2,76,76,65,70,65,80,60,60,1,1,militray,bad
532,2,1,2,F,2,20,2,4.11,2,44,2,2,2,2,2,2,25,1,2,2,60,80,76,80,52,65,65,76,1,1,militray,bad
533,2,1,1,M,1,18,1,4.9,1,56,1,1,1,1,1,1,63,3,1,1,70,76,76,55,52,70,55,76,1,1,militray,average
534,1,1,2,F,1,17,1,6.4,1,53,1,1,1,1,1,1,61,5,1,1,60,70,70,65,60,52,70,95,1,1,militray,average
535,1,2,1,M,1,19,1,5.9,1,68,1,1,1,1,1,1,59,4,1,1,65,80,52,52,52,60,52,92,1,1,militray,average
536,1,2,2,M,2,21,2,5.8,2,66,2,2,2,2,2,2,30,2,2,2,76,95,76,70,65,55,80,70,1,1,militray,bad
537,0,0,0,F,0,20,0,5,0,55,0,0,0,0,0,0,80,9,0,0,60,92,80,76,55,70,95,80,1,1,militray,good
538,0,2,0,F,0,18,0,4.5,0,53,0,0,0,0,0,0,95,7,0,0,70,60,76,76,52,92,52,92,1,1,militray,good
539,0,0,2,M,0,17,0,4.6,0,58,0,0,0,0,0,0,83,10,0,0,76,55,95,70,76,52,70,65,1,1,militray,good
540,2,0,0,M,0,19,0,5.5,0,62,0,0,0,0,0,0,90,6,0,0,92,52,76,60,70,76,92,80,1,1,militray,good
541,2,2,0,F,2,20,2,5.8,2,57,2,2,2,2,2,2,35,0,2,2,52,70,60,52,60,80,52,55,1,1,militray,bad
542,2,2,2,F,2,19,2,5.3,2,49,2,2,2,2,2,2,17,1,2,2,60,76,55,55,65,60,76,76,1,1,militray,bad
543,0,0,0,M,0,19,0,5.8,0,58,0,0,0,0,0,0,70,6,0,0,76,76,76,65,60,65,70,76,1,1,militray,good
544,0,0,1,F,0,18,0,5,0,45,0,0,0,0,0,0,80,9,0,0,80,80,65,92,55,76,80,70,1,1,militray,good
545,0,1,0,M,0,18,0,4.5,0,75,0,0,0,0,0,0,75,7,0,0,76,70,70,70,52,95,76,95,1,1,militray,good
546,0,1,1,F,1,19,1,4.6,1,55,1,1,1,1,1,1,50,5,1,1,52,60,52,80,76,55,55,76,0,0,engineer,average
547,1,0,0,M,0,17,0,5.5,0,60,0,0,0,0,0,0,83,10,0,0,55,52,76,65,70,70,65,55,0,0,engineer,good
548,1,0,1,M,1,20,1,6,1,65,1,1,1,1,1,1,61,4,1,1,70,70,76,52,60,60,60,52,0,0,engineer,average
549,1,1,0,M,1,21,1,5.1,1,61,1,1,1,1,1,1,65,5,1,1,76,76,95,55,52,76,55,70,0,0,engineer,average
550,1,1,1,F,1,23,1,6.1,1,50,1,1,1,1,1,1,51,3,1,1,80,76,52,70,60,76,95,65,0,0,engineer,average
551,2,2,2,M,2,22,2,5.1,2,67,2,2,2,2,2,2,10,1,2,2,70,80,65,60,55,52,65,80,0,0,engineer,bad
552,2,2,1,F,2,21,2,5.9,2,43,2,2,2,2,2,2,15,2,2,2,60,65,70,70,60,95,60,55,0,0,engineer,bad
553,2,1,2,F,2,20,2,4.11,2,44,2,2,2,2,2,2,25,1,2,2,65,60,76,80,55,80,55,60,0,0,engineer,bad
554,2,1,1,M,1,18,1,4.9,1,56,1,1,1,1,1,1,63,3,1,1,70,76,52,55,52,52,70,76,0,0,engineer,average
555,1,1,2,F,1,17,1,6.4,1,53,1,1,1,1,1,1,61,5,1,1,52,70,76,70,52,55,52,65,0,0,engineer,average
556,1,2,1,M,1,19,1,5.9,1,68,1,1,1,1,1,1,59,4,1,1,92,80,95,65,76,76,76,60,0,0,doctor,average
557,1,2,2,M,2,21,2,5.8,2,66,2,2,2,2,2,2,30,2,2,2,95,92,76,60,80,65,65,55,0,0,doctor,bad
558,0,0,0,F,0,20,0,5,0,55,0,0,0,0,0,0,80,9,0,0,70,70,70,52,76,60,76,76,0,0,doctor,good
559,0,2,0,F,0,18,0,4.5,0,53,0,0,0,0,0,0,95,7,0,0,76,80,76,55,80,95,70,70,0,0,doctor,good
560,0,0,2,M,0,17,0,4.6,0,58,0,0,0,0,0,0,83,10,0,0,60,70,80,70,76,76,76,65,0,0,doctor,good
561,2,0,0,M,0,19,0,5.5,0,62,0,0,0,0,0,0,90,6,0,0,65,80,76,60,70,70,52,55,0,0,doctor,good
562,2,2,0,F,2,20,2,5.8,2,57,2,2,2,2,2,2,35,0,2,2,76,60,60,70,80,76,80,52,0,0,doctor,bad
563,2,2,2,F,2,19,2,5.3,2,49,2,2,2,2,2,2,17,1,2,2,70,52,55,80,70,95,95,76,0,0,doctor,bad
564,0,0,0,M,0,19,0,5.8,0,58,0,0,0,0,0,0,70,6,0,0,92,76,65,70,76,52,60,65,0,0,doctor,good
565,0,0,1,F,0,18,0,5,0,45,0,0,0,0,0,0,80,9,0,0,80,76,80,92,95,70,76,55,0,0,doctor,good
566,0,1,0,M,0,18,0,4.5,0,75,0,0,0,0,0,0,75,7,0,0,76,70,76,70,47,92,70,52,1,1,militray,good
567,0,1,1,F,1,19,1,4.6,1,55,1,1,1,1,1,1,50,5,1,1,60,92,76,52,60,55,92,70,1,1,militray,average
568,1,0,0,M,0,17,0,5.5,0,60,0,0,0,0,0,0,83,10,0,0,76,80,70,80,52,80,55,55,1,1,militray,good
569,1,0,1,M,1,20,1,6,1,65,1,1,1,1,1,1,61,4,1,1,70,70,95,65,65,52,70,52,1,1,militray,average
570,1,1,0,M,1,21,1,5.1,1,61,1,1,1,1,1,1,65,5,1,1,76,60,97,70,52,55,80,60,1,1,militray,average
571,1,1,1,F,1,23,1,6.1,1,50,1,1,1,1,1,1,51,3,1,1,80,65,55,80,55,70,52,52,1,1,militray,average
572,2,2,2,M,2,22,2,5.1,2,67,2,2,2,2,2,2,10,1,2,2,60,70,76,76,76,55,60,70,1,1,militray,bad
573,2,2,1,F,2,21,2,5.9,2,43,2,2,2,2,2,2,15,2,2,2,65,76,76,52,52,65,65,55,1,1,militray,bad
574,2,1,2,F,2,20,2,4.11,2,44,2,2,2,2,2,2,25,1,2,2,70,60,52,92,52,70,76,65,1,1,militray,bad
575,2,1,1,M,1,18,1,4.9,1,56,1,1,1,1,1,1,63,3,1,1,52,65,80,76,60,52,52,70,1,1,militray,average
576,1,1,2,F,1,17,1,6.4,1,53,1,1,1,1,1,1,61,5,1,1,70,80,95,60,55,76,76,95,1,1,militray,average
577,1,2,1,M,1,19,1,5.9,1,68,1,1,1,1,1,1,59,4,1,1,76,69,70,80,52,95,95,52,1,1,militray,average
578,1,2,2,M,2,21,2,5.8,2,66,2,2,2,2,2,2,30,2,2,2,76,76,52,92,55,52,81,92,1,1,militray,bad
579,0,0,0,F,0,20,0,5,0,55,0,0,0,0,0,0,80,9,0,0,92,92,60,76,60,52,52,55,1,1,militray,good
580,0,2,0,F,0,18,0,4.5,0,53,0,0,0,0,0,0,95,7,0,0,95,52,55,65,52,76,76,70,1,1,militray,good
581,0,0,2,M,0,17,0,4.6,0,58,0,0,0,0,0,0,83,10,0,0,80,60,65,55,55,52,55,65,1,1,militray,good
582,2,0,0,M,0,19,0,5.5,0,62,0,0,0,0,0,0,90,6,0,0,76,92,70,76,61,65,92,60,1,1,militray,good
583,2,2,0,F,2,20,2,5.8,2,57,2,2,2,2,2,2,35,0,2,2,60,70,92,52,65,52,55,52,1,1,militray,bad
584,2,2,2,F,2,19,2,5.3,2,49,2,2,2,2,2,2,17,1,2,2,70,76,80,95,52,55,70,95,1,1,militray,bad
585,0,2,0,F,0,18,0,4.5,0,53,0,0,0,0,0,0,95,7,0,0,52,65,70,92,55,76,95,92,1,1,militray,good
586,0,0,2,M,0,17,0,4.6,0,58,0,0,0,0,0,0,83,10,0,0,79,95,52,80,60,70,52,60,1,1,militray,good
587,2,0,0,M,0,19,0,5.5,0,62,0,0,0,0,0,0,90,6,0,0,65,70,55,76,52,65,55,69,1,1,militray,good
588,2,2,0,F,2,20,2,5.8,2,57,2,2,2,2,2,2,35,0,2,2,92,60,80,55,65,80,60,52,1,1,militray,bad
589,2,2,2,F,2,19,2,5.3,2,49,2,2,2,2,2,2,17,1,2,2,76,76,95,92,52,70,70,76,1,1,militray,bad
590,2,2,2,F,2,19,2,5.3,2,49,2,2,2,2,2,2,17,1,2,2,95,52,70,80,55,76,55,55,1,1,militray,bad
591,0,0,0,M,0,19,0,5.8,0,58,0,0,0,0,0,0,70,6,0,0,76,70,76,76,65,52,65,76,1,1,militray,good
592,0,0,1,F,0,18,0,5,0,45,0,0,0,0,0,0,80,9,0,0,65,76,76,60,60,60,54,52,1,1,militray,good
593,0,1,0,M,0,18,0,4.5,0,75,0,0,0,0,0,0,75,7,0,0,52,76,65,70,55,92,76,76,1,1,militray,good
594,0,1,1,F,1,19,1,4.6,1,55,1,1,1,1,1,1,50,5,1,1,70,80,53,95,52,72,95,95,1,1,militray,average
595,1,0,0,M,0,17,0,5.5,0,60,0,0,0,0,0,0,83,10,0,0,75,75,50,100,45,50,45,60,0,0,engineer,good
596,1,0,1,M,1,20,1,6,1,65,1,1,1,1,1,1,61,4,1,1,70,80,55,70,50,75,50,95,0,0,engineer,average
597,1,1,0,M,1,21,1,5.1,1,61,1,1,1,1,1,1,65,5,1,1,90,75,65,50,60,55,60,80,0,0,engineer,average
598,1,1,1,F,1,23,1,6.1,1,50,1,1,1,1,1,1,51,3,1,1,95,94,50,55,55,70,55,70,0,0,engineer,average
599,2,2,2,M,2,22,2,5.1,2,67,2,2,2,2,2,2,10,1,2,2,60,75,60,70,45,65,45,65,0,0,engineer,bad
600,2,2,1,F,2,21,2,5.9,2,43,2,2,2,2,2,2,15,2,2,2,65,70,75,60,65,75,65,55,0,0,engineer,bad
601,0,0,0,M,0,19,0,5.8,0,58,0,0,0,0,0,0,70,6,0,0,75,80,75,70,60,60,60,80,0,0,engineer,good
602,0,0,1,F,0,18,0,5,0,45,0,0,0,0,0,0,80,9,0,0,94,90,70,80,55,55,55,60,0,0,engineer,good
603,0,1,0,M,0,18,0,4.5,0,75,0,0,0,0,0,0,75,7,0,0,90,75,65,70,45,50,50,65,0,0,engineer,good
604,0,1,1,F,1,19,1,4.6,1,55,1,1,1,1,1,1,50,5,1,1,55,95,50,70,40,70,70,70,0,0,engineer,average
605,1,0,0,M,0,17,0,5.5,0,60,0,0,0,0,0,0,83,10,0,0,45,50,70,65,75,80,55,60,0,0,doctor,good
606,1,0,1,M,1,20,1,6,1,65,1,1,1,1,1,1,61,4,1,1,50,50,75,55,80,50,75,50,0,0,doctor,average
607,1,1,0,M,1,21,1,5.1,1,61,1,1,1,1,1,1,65,5,1,1,70,60,95,50,75,55,65,95,0,0,doctor,average
608,1,1,1,F,1,23,1,6.1,1,50,1,1,1,1,1,1,51,3,1,1,60,55,80,55,94,60,80,75,0,0,doctor,average
609,2,2,2,M,2,22,2,5.1,2,67,2,2,2,2,2,2,10,1,2,2,50,50,70,70,75,55,50,60,0,0,doctor,bad
610,2,2,1,F,2,21,2,5.9,2,43,2,2,2,2,2,2,15,2,2,2,75,65,75,60,70,50,90,70,0,0,doctor,bad
611,2,1,2,F,2,20,2,4.11,2,44,2,2,2,2,2,2,25,1,2,2,55,60,50,70,80,70,75,50,0,0,doctor,bad
612,2,1,1,M,1,18,1,4.9,1,56,1,1,1,1,1,1,63,3,1,1,95,55,60,80,90,75,70,60,0,0,doctor,average
613,1,1,2,F,1,17,1,6.4,1,53,1,1,1,1,1,1,61,5,1,1,75,50,70,70,75,50,95,70,0,0,doctor,average
614,1,2,1,M,1,19,1,5.9,1,68,1,1,1,1,1,1,59,4,1,1,60,60,55,90,95,55,50,65,0,0,doctor,average
615,1,2,2,M,2,21,2,5.8,2,66,2,2,2,2,2,2,30,2,2,2,65,75,65,55,45,75,60,55,1,1,militray,bad
616,0,0,0,F,0,20,0,5,0,55,0,0,0,0,0,0,80,9,0,0,50,70,75,90,50,65,90,75,1,1,militray,good
617,0,2,0,F,0,18,0,4.5,0,53,0,0,0,0,0,0,95,7,0,0,70,75,65,75,40,90,50,70,1,1,militray,good
618,0,0,2,M,0,17,0,4.6,0,58,0,0,0,0,0,0,83,10,0,0,75,65,75,60,60,75,55,75,1,1,militray,good
619,2,0,0,M,0,19,0,5.5,0,62,0,0,0,0,0,0,90,6,0,0,50,75,70,75,40,70,75,65,1,1,militray,good
620,2,2,0,F,2,20,2,5.8,2,57,2,2,2,2,2,2,35,0,2,2,70,70,75,50,45,80,65,55,1,1,militray,bad
621,2,2,2,F,2,19,2,5.3,2,49,2,2,2,2,2,2,17,1,2,2,65,80,95,95,40,50,70,70,1,1,militray,bad
622,0,0,0,M,0,19,0,5.8,0,58,0,0,0,0,0,0,70,6,0,0,60,75,75,80,75,70,60,50,1,1,militray,good
623,0,0,1,F,0,18,0,5,0,45,0,0,0,0,0,0,80,9,0,0,55,75,50,60,95,75,75,80,1,1,militray,good
624,0,1,0,M,0,18,0,4.5,0,75,0,0,0,0,0,0,75,7,0,0,60,60,90,70,60,60,55,95,1,1,militray,good
625,0,1,1,F,1,19,1,4.6,1,55,1,1,1,1,1,1,50,5,1,1,95,70,50,55,65,80,75,75,1,1,militray,average
626,1,0,0,M,0,17,0,5.5,0,60,0,0,0,0,0,0,83,10,0,0,50,95,70,50,75,75,90,75,1,1,militray,good
627,1,0,1,M,1,20,1,6,1,65,1,1,1,1,1,1,61,4,1,1,55,50,75,65,80,95,50,50,1,1,militray,average
628,1,1,0,M,1,21,1,5.1,1,61,1,1,1,1,1,1,65,5,1,1,70,70,70,55,60,75,75,75,1,1,militray,average
629,1,1,1,F,1,23,1,6.1,1,50,1,1,1,1,1,1,51,3,1,1,75,60,50,50,55,55,70,75,1,1,militray,average
630,2,2,2,M,2,22,2,5.1,2,67,2,2,2,2,2,2,10,1,2,2,75,75,65,70,65,80,60,60,1,1,militray,bad
631,2,2,1,F,2,21,2,5.9,2,43,2,2,2,2,2,2,15,2,2,2,60,80,75,80,50,65,65,75,1,1,militray,bad
632,2,1,2,F,2,20,2,4.11,2,44,2,2,2,2,2,2,25,1,2,2,70,75,75,55,50,70,55,75,1,1,militray,bad
633,2,1,1,M,1,18,1,4.9,1,56,1,1,1,1,1,1,63,3,1,1,60,70,70,65,60,50,70,95,1,1,militray,average
634,1,1,2,F,1,17,1,6.4,1,53,1,1,1,1,1,1,61,5,1,1,65,80,50,50,50,60,50,90,1,1,militray,average
635,1,2,1,M,1,19,1,5.9,1,68,1,1,1,1,1,1,59,4,1,1,75,95,75,70,65,55,80,70,1,1,militray,average
636,1,2,2,M,2,21,2,5.8,2,66,2,2,2,2,2,2,30,2,2,2,60,90,80,75,55,70,95,80,1,1,militray,bad
637,0,0,0,F,0,20,0,5,0,55,0,0,0,0,0,0,80,9,0,0,70,60,75,75,50,90,50,90,1,1,militray,good
638,0,2,0,F,0,18,0,4.5,0,53,0,0,0,0,0,0,95,7,0,0,75,55,95,70,75,50,70,65,1,1,militray,good
639,0,0,2,M,0,17,0,4.6,0,58,0,0,0,0,0,0,83,10,0,0,90,50,75,60,70,75,90,80,1,1,militray,good
640,2,0,0,M,0,19,0,5.5,0,62,0,0,0,0,0,0,90,6,0,0,50,70,60,50,60,80,50,55,1,1,militray,good
641,2,2,0,F,2,20,2,5.8,2,57,2,2,2,2,2,2,35,0,2,2,60,75,55,55,65,60,75,75,1,1,militray,bad
642,2,2,2,F,2,19,2,5.3,2,49,2,2,2,2,2,2,17,1,2,2,75,75,75,65,60,65,70,75,1,1,militray,bad
643,0,0,0,M,0,19,0,5.8,0,58,0,0,0,0,0,0,70,6,0,0,80,80,65,90,55,75,80,70,1,1,militray,good
644,0,0,1,F,0,18,0,5,0,45,0,0,0,0,0,0,80,9,0,0,75,70,70,70,50,95,75,95,1,1,militray,good
645,0,1,0,M,0,18,0,4.5,0,75,0,0,0,0,0,0,75,7,0,0,50,60,50,80,75,55,55,75,0,0,engineer,good
646,0,1,1,F,1,19,1,4.6,1,55,1,1,1,1,1,1,50,5,1,1,55,50,75,65,70,70,65,55,0,0,engineer,average
647,1,0,0,M,0,17,0,5.5,0,60,0,0,0,0,0,0,83,10,0,0,70,70,75,50,60,60,60,50,0,0,engineer,good
648,1,0,1,M,1,20,1,6,1,65,1,1,1,1,1,1,61,4,1,1,75,75,95,55,50,75,55,70,0,0,engineer,average
649,1,1,0,M,1,21,1,5.1,1,61,1,1,1,1,1,1,65,5,1,1,80,75,50,70,60,75,95,65,0,0,engineer,average
650,1,1,1,F,1,23,1,6.1,1,50,1,1,1,1,1,1,51,3,1,1,70,80,65,60,55,50,65,80,0,0,engineer,average
651,2,2,2,M,2,22,2,5.1,2,67,2,2,2,2,2,2,10,1,2,2,60,65,70,70,60,95,60,55,0,0,engineer,bad
652,2,2,1,F,2,21,2,5.9,2,43,2,2,2,2,2,2,15,2,2,2,65,60,75,80,55,80,55,60,0,0,engineer,bad
653,2,1,2,F,2,20,2,4.11,2,44,2,2,2,2,2,2,25,1,2,2,70,75,50,55,50,50,70,75,0,0,engineer,bad
654,2,1,1,M,1,18,1,4.9,1,56,1,1,1,1,1,1,63,3,1,1,50,70,75,70,50,55,50,65,0,0,engineer,average
655,1,1,2,F,1,17,1,6.4,1,53,1,1,1,1,1,1,61,5,1,1,90,80,95,65,75,75,75,60,0,0,doctor,average
656,1,2,1,M,1,19,1,5.9,1,68,1,1,1,1,1,1,59,4,1,1,95,90,75,60,80,65,65,55,0,0,doctor,average
657,1,2,2,M,2,21,2,5.8,2,66,2,2,2,2,2,2,30,2,2,2,70,70,70,50,75,60,75,75,0,0,doctor,bad
658,0,0,0,F,0,20,0,5,0,55,0,0,0,0,0,0,80,9,0,0,75,80,75,55,80,95,70,70,0,0,doctor,good
659,0,2,0,F,0,18,0,4.5,0,53,0,0,0,0,0,0,95,7,0,0,60,70,80,70,75,75,75,65,0,0,doctor,good
660,0,0,2,M,0,17,0,4.6,0,58,0,0,0,0,0,0,83,10,0,0,65,80,75,60,70,70,50,55,0,0,doctor,good
661,2,0,0,M,0,19,0,5.5,0,62,0,0,0,0,0,0,90,6,0,0,75,60,60,70,80,75,80,50,0,0,doctor,good
662,2,2,0,F,2,20,2,5.8,2,57,2,2,2,2,2,2,35,0,2,2,70,50,55,80,70,95,95,75,0,0,doctor,bad
663,2,2,2,F,2,19,2,5.3,2,49,2,2,2,2,2,2,17,1,2,2,90,75,65,70,75,50,60,65,0,0,doctor,bad
664,0,0,0,M,0,19,0,5.8,0,58,0,0,0,0,0,0,70,6,0,0,80,75,80,90,95,70,75,55,0,0,doctor,good
665,0,0,1,F,0,18,0,5,0,45,0,0,0,0,0,0,80,9,0,0,75,70,75,70,45,90,70,50,1,1,militray,good
666,0,1,0,M,0,18,0,4.5,0,75,0,0,0,0,0,0,75,7,0,0,60,90,75,50,60,55,90,70,1,1,militray,good
667,0,1,1,F,1,19,1,4.6,1,55,1,1,1,1,1,1,50,5,1,1,75,80,70,80,50,80,55,55,1,1,militray,average
668,1,0,0,M,0,17,0,5.5,0,60,0,0,0,0,0,0,83,10,0,0,70,70,95,65,65,50,70,50,1,1,militray,good
669,1,0,1,M,1,20,1,6,1,65,1,1,1,1,1,1,61,4,1,1,75,60,94,70,50,55,80,60,1,1,militray,average
670,1,1,0,M,1,21,1,5.1,1,61,1,1,1,1,1,1,65,5,1,1,80,65,55,80,55,70,50,50,1,1,militray,average
671,1,1,1,F,1,23,1,6.1,1,50,1,1,1,1,1,1,51,3,1,1,60,70,75,75,75,55,60,70,1,1,militray,average
672,2,2,2,M,2,22,2,5.1,2,67,2,2,2,2,2,2,10,1,2,2,65,75,75,50,50,65,65,55,1,1,militray,bad
673,2,2,1,F,2,21,2,5.9,2,43,2,2,2,2,2,2,15,2,2,2,70,60,50,90,50,70,75,65,1,1,militray,bad
674,2,1,2,F,2,20,2,4.11,2,44,2,2,2,2,2,2,25,1,2,2,50,65,80,75,60,50,50,70,1,1,militray,bad
675,2,1,1,M,1,18,1,4.9,1,56,1,1,1,1,1,1,63,3,1,1,70,80,95,60,55,75,75,95,1,1,militray,average
676,1,1,2,F,1,17,1,6.4,1,53,1,1,1,1,1,1,61,5,1,1,75,70,70,80,50,95,95,50,1,1,militray,average
677,1,2,1,M,1,19,1,5.9,1,68,1,1,1,1,1,1,59,4,1,1,75,75,50,90,55,50,80,90,1,1,militray,average
678,1,2,2,M,2,21,2,5.8,2,66,2,2,2,2,2,2,30,2,2,2,90,90,60,75,60,50,50,55,1,1,militray,bad
679,0,0,0,F,0,20,0,5,0,55,0,0,0,0,0,0,80,9,0,0,95,50,55,65,50,75,75,70,1,1,militray,good
680,0,2,0,F,0,18,0,4.5,0,53,0,0,0,0,0,0,95,7,0,0,80,60,65,55,55,50,55,65,1,1,militray,good
681,0,0,2,M,0,17,0,4.6,0,58,0,0,0,0,0,0,83,10,0,0,75,90,70,75,60,65,90,60,1,1,militray,good
682,2,0,0,M,0,19,0,5.5,0,62,0,0,0,0,0,0,90,6,0,0,60,70,90,50,65,50,55,50,1,1,militray,good
683,2,2,0,F,2,20,2,5.8,2,57,2,2,2,2,2,2,35,0,2,2,70,75,80,95,50,55,70,95,1,1,militray,bad
684,2,2,2,F,2,19,2,5.3,2,49,2,2,2,2,2,2,17,1,2,2,50,65,70,90,55,75,95,90,1,1,militray,bad
685,0,2,0,F,0,18,0,4.5,0,53,0,0,0,0,0,0,95,7,0,0,80,95,50,80,60,70,50,60,1,1,militray,good
686,0,0,2,M,0,17,0,4.6,0,58,0,0,0,0,0,0,83,10,0,0,65,70,55,75,50,65,55,70,1,1,militray,good
687,2,0,0,M,0,19,0,5.5,0,62,0,0,0,0,0,0,90,6,0,0,90,60,80,55,65,80,60,50,1,1,militray,good
688,2,2,0,F,2,20,2,5.8,2,57,2,2,2,2,2,2,35,0,2,2,75,75,95,90,50,70,70,75,1,1,militray,bad
689,2,2,2,F,2,19,2,5.3,2,49,2,2,2,2,2,2,17,1,2,2,95,50,70,80,55,75,55,55,1,1,militray,bad
690,2,2,2,F,2,19,2,5.3,2,49,2,2,2,2,2,2,17,1,2,2,75,70,75,75,65,50,65,75,1,1,militray,bad
691,0,0,0,M,0,19,0,5.8,0,58,0,0,0,0,0,0,70,6,0,0,65,75,75,60,60,60,50,50,1,1,militray,good
692,0,0,1,F,0,18,0,5,0,45,0,0,0,0,0,0,80,9,0,0,50,75,65,70,55,90,75,75,1,1,militray,good
693,0,1,0,M,0,18,0,4.5,0,75,0,0,0,0,0,0,75,7,0,0,70,80,55,95,50,70,95,95,1,1,militray,good
694,0,1,1,F,1,19,1,4.6,1,55,1,1,1,1,1,1,50,5,1,1,74,74,49,98,44,49,44,59,0,0,engineer,average
695,1,0,0,M,0,17,0,5.5,0,60,0,0,0,0,0,0,83,10,0,0,69,79,54,69,49,74,49,95,0,0,engineer,good
696,1,0,1,M,1,20,1,6,1,65,1,1,1,1,1,1,61,4,1,1,89,74,65,49,59,54,59,79,0,0,engineer,average
697,1,1,0,M,1,21,1,5.1,1,61,1,1,1,1,1,1,65,5,1,1,95,98,49,54,54,69,54,69,0,0,engineer,average
698,1,1,1,F,1,23,1,6.1,1,50,1,1,1,1,1,1,51,3,1,1,59,74,59,69,44,65,44,65,0,0,engineer,average
699,2,2,2,M,2,22,2,5.1,2,67,2,2,2,2,2,2,10,1,2,2,65,69,74,59,65,74,65,54,0,0,engineer,bad
700,2,2,1,F,2,21,2,5.9,2,43,2,2,2,2,2,2,15,2,2,2,74,79,74,69,59,59,59,79,0,0,engineer,bad
701,0,0,0,M,0,19,0,5.8,0,58,0,0,0,0,0,0,70,6,0,0,98,89,69,79,54,54,54,59,0,0,engineer,good
702,0,0,1,F,0,18,0,5,0,45,0,0,0,0,0,0,80,9,0,0,89,74,65,69,44,49,49,65,0,0,engineer,good
703,0,1,0,M,0,18,0,4.5,0,75,0,0,0,0,0,0,75,7,0,0,54,95,49,69,39,69,69,69,0,0,engineer,good
704,0,1,1,F,1,19,1,4.6,1,55,1,1,1,1,1,1,50,5,1,1,44,49,69,65,74,79,54,59,0,0,doctor,average
705,1,0,0,M,0,17,0,5.5,0,60,0,0,0,0,0,0,83,10,0,0,49,49,74,54,79,49,74,49,0,0,doctor,good
706,1,0,1,M,1,20,1,6,1,65,1,1,1,1,1,1,61,4,1,1,69,59,95,49,74,54,65,95,0,0,doctor,average
707,1,1,0,M,1,21,1,5.1,1,61,1,1,1,1,1,1,65,5,1,1,59,54,79,54,98,59,79,74,0,0,doctor,average
708,1,1,1,F,1,23,1,6.1,1,50,1,1,1,1,1,1,51,3,1,1,49,49,69,69,74,54,49,59,0,0,doctor,average
709,2,2,2,M,2,22,2,5.1,2,67,2,2,2,2,2,2,10,1,2,2,74,65,74,59,69,49,89,69,0,0,doctor,bad
710,2,2,1,F,2,21,2,5.9,2,43,2,2,2,2,2,2,15,2,2,2,54,59,49,69,79,69,74,49,0,0,doctor,bad
711,2,1,2,F,2,20,2,4.11,2,44,2,2,2,2,2,2,25,1,2,2,95,54,59,79,89,74,69,59,0,0,doctor,bad
712,2,1,1,M,1,18,1,4.9,1,56,1,1,1,1,1,1,63,3,1,1,74,49,69,69,74,49,95,69,0,0,doctor,average
713,1,1,2,F,1,17,1,6.4,1,53,1,1,1,1,1,1,61,5,1,1,59,59,54,89,95,54,49,65,0,0,doctor,average
714,1,2,1,M,1,19,1,5.9,1,68,1,1,1,1,1,1,59,4,1,1,65,74,65,54,44,74,59,54,1,1,militray,average
715,1,2,2,M,2,21,2,5.8,2,66,2,2,2,2,2,2,30,2,2,2,49,69,74,89,49,65,89,74,1,1,militray,bad
716,0,0,0,F,0,20,0,5,0,55,0,0,0,0,0,0,80,9,0,0,69,74,65,74,39,89,49,69,1,1,militray,good
717,0,2,0,F,0,18,0,4.5,0,53,0,0,0,0,0,0,95,7,0,0,74,65,74,59,59,74,54,74,1,1,militray,good
718,0,0,2,M,0,17,0,4.6,0,58,0,0,0,0,0,0,83,10,0,0,49,74,69,74,39,69,74,65,1,1,militray,good
719,2,0,0,M,0,19,0,5.5,0,62,0,0,0,0,0,0,90,6,0,0,69,69,74,49,44,79,65,54,1,1,militray,good
720,2,2,0,F,2,20,2,5.8,2,57,2,2,2,2,2,2,35,0,2,2,65,79,95,95,39,49,69,69,1,1,militray,bad
721,2,2,2,F,2,19,2,5.3,2,49,2,2,2,2,2,2,17,1,2,2,59,74,74,79,74,69,59,49,1,1,militray,bad
722,0,0,0,M,0,19,0,5.8,0,58,0,0,0,0,0,0,70,6,0,0,54,74,49,59,95,74,74,79,1,1,militray,good
723,0,0,1,F,0,18,0,5,0,45,0,0,0,0,0,0,80,9,0,0,59,59,89,69,59,59,54,95,1,1,militray,good
724,0,1,0,M,0,18,0,4.5,0,75,0,0,0,0,0,0,75,7,0,0,95,69,49,54,65,79,74,74,1,1,militray,good
725,0,1,1,F,1,19,1,4.6,1,55,1,1,1,1,1,1,50,5,1,1,49,95,69,49,74,74,89,74,1,1,militray,average
726,1,0,0,M,0,17,0,5.5,0,60,0,0,0,0,0,0,83,10,0,0,54,49,74,65,79,95,49,49,1,1,militray,good
727,1,0,1,M,1,20,1,6,1,65,1,1,1,1,1,1,61,4,1,1,69,69,69,54,59,74,74,74,1,1,militray,average
728,1,1,0,M,1,21,1,5.1,1,61,1,1,1,1,1,1,65,5,1,1,74,59,49,49,54,54,69,74,1,1,militray,average
729,1,1,1,F,1,23,1,6.1,1,50,1,1,1,1,1,1,51,3,1,1,74,74,65,69,65,79,59,59,1,1,militray,average
730,2,2,2,M,2,22,2,5.1,2,67,2,2,2,2,2,2,10,1,2,2,59,79,74,79,49,65,65,74,1,1,militray,bad
731,2,2,1,F,2,21,2,5.9,2,43,2,2,2,2,2,2,15,2,2,2,69,74,74,54,49,69,54,74,1,1,militray,bad
732,2,1,2,F,2,20,2,4.11,2,44,2,2,2,2,2,2,25,1,2,2,59,69,69,65,59,49,69,95,1,1,militray,bad
733,2,1,1,M,1,18,1,4.9,1,56,1,1,1,1,1,1,63,3,1,1,65,79,49,49,49,59,49,89,1,1,militray,average
734,1,1,2,F,1,17,1,6.4,1,53,1,1,1,1,1,1,61,5,1,1,74,95,74,69,65,54,79,69,1,1,militray,average
735,1,2,1,M,1,19,1,5.9,1,68,1,1,1,1,1,1,59,4,1,1,59,89,79,74,54,69,95,79,1,1,militray,average
736,1,2,2,M,2,21,2,5.8,2,66,2,2,2,2,2,2,30,2,2,2,69,59,74,74,49,89,49,89,1,1,militray,bad
737,0,0,0,F,0,20,0,5,0,55,0,0,0,0,0,0,80,9,0,0,74,54,95,69,74,49,69,65,1,1,militray,good
738,0,2,0,F,0,18,0,4.5,0,53,0,0,0,0,0,0,95,7,0,0,89,49,74,59,69,74,89,79,1,1,militray,good
739,0,0,2,M,0,17,0,4.6,0,58,0,0,0,0,0,0,83,10,0,0,49,69,59,49,59,79,49,54,1,1,militray,good
740,2,0,0,M,0,19,0,5.5,0,62,0,0,0,0,0,0,90,6,0,0,59,74,54,54,65,59,74,74,1,1,militray,good
741,2,2,0,F,2,20,2,5.8,2,57,2,2,2,2,2,2,35,0,2,2,74,74,74,65,59,65,69,74,1,1,militray,bad
742,2,2,2,F,2,19,2,5.3,2,49,2,2,2,2,2,2,17,1,2,2,79,79,65,89,54,74,79,69,1,1,militray,bad
743,0,0,0,M,0,19,0,5.8,0,58,0,0,0,0,0,0,70,6,0,0,74,69,69,69,49,95,74,95,1,1,militray,good
744,0,0,1,F,0,18,0,5,0,45,0,0,0,0,0,0,80,9,0,0,49,59,49,79,74,54,54,74,0,0,engineer,good
745,0,1,0,M,0,18,0,4.5,0,75,0,0,0,0,0,0,75,7,0,0,54,49,74,65,69,69,65,54,0,0,engineer,good
746,0,1,1,F,1,19,1,4.6,1,55,1,1,1,1,1,1,50,5,1,1,69,69,74,49,59,59,59,49,0,0,engineer,average
747,1,0,0,M,0,17,0,5.5,0,60,0,0,0,0,0,0,83,10,0,0,74,74,95,54,49,74,54,69,0,0,engineer,good
748,1,0,1,M,1,20,1,6,1,65,1,1,1,1,1,1,61,4,1,1,79,74,49,69,59,74,95,65,0,0,engineer,average
749,1,1,0,M,1,21,1,5.1,1,61,1,1,1,1,1,1,65,5,1,1,69,79,65,59,54,49,65,79,0,0,engineer,average
750,1,1,1,F,1,23,1,6.1,1,50,1,1,1,1,1,1,51,3,1,1,59,65,69,69,59,95,59,54,0,0,engineer,average
751,2,2,2,M,2,22,2,5.1,2,67,2,2,2,2,2,2,10,1,2,2,65,59,74,79,54,79,54,59,0,0,engineer,bad
752,2,2,1,F,2,21,2,5.9,2,43,2,2,2,2,2,2,15,2,2,2,69,74,49,54,49,49,69,74,0,0,engineer,bad
753,2,1,2,F,2,20,2,4.11,2,44,2,2,2,2,2,2,25,1,2,2,49,69,74,69,49,54,49,65,0,0,engineer,bad
754,2,1,1,M,1,18,1,4.9,1,56,1,1,1,1,1,1,63,3,1,1,89,79,95,65,74,74,74,59,0,0,doctor,average
755,1,1,2,F,1,17,1,6.4,1,53,1,1,1,1,1,1,61,5,1,1,95,89,74,59,79,65,65,54,0,0,doctor,average
756,1,2,1,M,1,19,1,5.9,1,68,1,1,1,1,1,1,59,4,1,1,69,69,69,49,74,59,74,74,0,0,doctor,average
757,1,2,2,M,2,21,2,5.8,2,66,2,2,2,2,2,2,30,2,2,2,74,79,74,54,79,95,69,69,0,0,doctor,bad
758,0,0,0,F,0,20,0,5,0,55,0,0,0,0,0,0,80,9,0,0,59,69,79,69,74,74,74,65,0,0,doctor,good
759,0,2,0,F,0,18,0,4.5,0,53,0,0,0,0,0,0,95,7,0,0,65,79,74,59,69,69,49,54,0,0,doctor,good
760,0,0,2,M,0,17,0,4.6,0,58,0,0,0,0,0,0,83,10,0,0,74,59,59,69,79,74,79,49,0,0,doctor,good
761,2,0,0,M,0,19,0,5.5,0,62,0,0,0,0,0,0,90,6,0,0,69,49,54,79,69,95,95,74,0,0,doctor,good
762,2,2,0,F,2,20,2,5.8,2,57,2,2,2,2,2,2,35,0,2,2,89,74,65,69,74,49,59,65,0,0,doctor,bad
763,2,2,2,F,2,19,2,5.3,2,49,2,2,2,2,2,2,17,1,2,2,79,74,79,89,95,69,74,54,0,0,doctor,bad
764,0,0,0,M,0,19,0,5.8,0,58,0,0,0,0,0,0,70,6,0,0,74,69,74,69,44,89,69,49,1,1,militray,good
765,0,0,1,F,0,18,0,5,0,45,0,0,0,0,0,0,80,9,0,0,59,89,74,49,59,54,89,69,1,1,militray,good
766,0,1,0,M,0,18,0,4.5,0,75,0,0,0,0,0,0,75,7,0,0,74,79,69,79,49,79,54,54,1,1,militray,good
767,0,1,1,F,1,19,1,4.6,1,55,1,1,1,1,1,1,50,5,1,1,69,69,95,65,65,49,69,49,1,1,militray,average
768,1,0,0,M,0,17,0,5.5,0,60,0,0,0,0,0,0,83,10,0,0,74,59,98,69,49,54,79,59,1,1,militray,good
769,1,0,1,M,1,20,1,6,1,65,1,1,1,1,1,1,61,4,1,1,79,65,54,79,54,69,49,49,1,1,militray,average
770,1,1,0,M,1,21,1,5.1,1,61,1,1,1,1,1,1,65,5,1,1,59,69,74,74,74,54,59,69,1,1,militray,average
771,1,1,1,F,1,23,1,6.1,1,50,1,1,1,1,1,1,51,3,1,1,65,74,74,49,49,65,65,54,1,1,militray,average
772,2,2,2,M,2,22,2,5.1,2,67,2,2,2,2,2,2,10,1,2,2,69,59,49,89,49,69,74,65,1,1,militray,bad
773,2,2,1,F,2,21,2,5.9,2,43,2,2,2,2,2,2,15,2,2,2,49,65,79,74,59,49,49,69,1,1,militray,bad
774,2,1,2,F,2,20,2,4.11,2,44,2,2,2,2,2,2,25,1,2,2,69,79,95,59,54,74,74,95,1,1,militray,bad
775,2,1,1,M,1,18,1,4.9,1,56,1,1,1,1,1,1,63,3,1,1,74,69,69,79,49,95,95,49,1,1,militray,average
776,1,1,2,F,1,17,1,6.4,1,53,1,1,1,1,1,1,61,5,1,1,74,74,49,89,54,49,79,89,1,1,militray,average
777,1,2,1,M,1,19,1,5.9,1,68,1,1,1,1,1,1,59,4,1,1,89,89,59,74,59,49,49,54,1,1,militray,average
778,1,2,2,M,2,21,2,5.8,2,66,2,2,2,2,2,2,30,2,2,2,95,49,54,65,49,74,74,69,1,1,militray,bad
779,0,0,0,F,0,20,0,5,0,55,0,0,0,0,0,0,80,9,0,0,79,59,65,54,54,49,54,65,1,1,militray,good
780,0,2,0,F,0,18,0,4.5,0,53,0,0,0,0,0,0,95,7,0,0,74,89,69,74,59,65,89,59,1,1,militray,good
781,0,0,2,M,0,17,0,4.6,0,58,0,0,0,0,0,0,83,10,0,0,59,69,89,49,65,49,54,49,1,1,militray,good
782,2,0,0,M,0,19,0,5.5,0,62,0,0,0,0,0,0,90,6,0,0,69,74,79,95,49,54,69,95,1,1,militray,good
783,2,2,0,F,2,20,2,5.8,2,57,2,2,2,2,2,2,35,0,2,2,49,65,69,89,54,74,95,89,1,1,militray,bad
784,2,2,2,F,2,19,2,5.3,2,49,2,2,2,2,2,2,17,1,2,2,79,95,49,79,59,69,49,59,1,1,militray,bad
785,0,2,0,F,0,18,0,4.5,0,53,0,0,0,0,0,0,95,7,0,0,65,69,54,74,49,65,54,69,1,1,militray,good
786,0,0,2,M,0,17,0,4.6,0,58,0,0,0,0,0,0,83,10,0,0,89,59,79,54,65,79,59,49,1,1,militray,good
787,2,0,0,M,0,19,0,5.5,0,62,0,0,0,0,0,0,90,6,0,0,74,74,95,89,49,69,69,74,1,1,militray,good
788,2,2,0,F,2,20,2,5.8,2,57,2,2,2,2,2,2,35,0,2,2,95,49,69,79,54,74,54,54,1,1,militray,bad
789,2,2,2,F,2,19,2,5.3,2,49,2,2,2,2,2,2,17,1,2,2,74,69,74,74,65,49,65,74,1,1,militray,bad
790,2,2,2,F,2,19,2,5.3,2,49,2,2,2,2,2,2,17,1,2,2,65,74,74,59,59,59,49,49,1,1,militray,bad
791,0,0,0,M,0,19,0,5.8,0,58,0,0,0,0,0,0,70,6,0,0,49,74,65,69,54,89,74,74,1,1,militray,good
792,0,0,1,F,0,18,0,5,0,45,0,0,0,0,0,0,80,9,0,0,69,79,54,95,49,69,95,95,1,1,militray,good
793,0,1,0,M,0,18,0,4.5,0,75,0,0,0,0,0,0,75,7,0,0,76,76,52,97,47,51,47,60,0,0,engineer,good
794,0,1,1,F,1,19,1,4.6,1,55,1,1,1,1,1,1,50,5,1,1,70,80,55,70,52,76,52,95,0,0,engineer,average
795,1,0,0,M,0,17,0,5.5,0,60,0,0,0,0,0,0,83,10,0,0,92,76,65,52,60,55,60,80,0,0,engineer,good
796,1,0,1,M,1,20,1,6,1,65,1,1,1,1,1,1,61,4,1,1,95,97,52,55,55,70,55,70,0,0,engineer,average
797,1,1,0,M,1,21,1,5.1,1,61,1,1,1,1,1,1,65,5,1,1,60,76,60,70,47,65,46,65,0,0,engineer,average
798,1,1,1,F,1,23,1,6.1,1,50,1,1,1,1,1,1,51,3,1,1,65,70,76,60,65,76,65,55,0,0,engineer,average
799,2,2,2,M,2,22,2,5.1,2,67,2,2,2,2,2,2,10,1,2,2,76,80,76,70,56,60,60,80,0,0,engineer,bad
800,2,2,1,F,2,21,2,5.9,2,43,2,2,2,2,2,2,15,2,2,2,97,92,70,80,55,55,55,60,0,0,engineer,bad
801,0,0,0,M,0,19,0,5.8,0,58,0,0,0,0,0,0,70,6,0,0,92,76,62,70,47,52,52,65,0,0,engineer,good
802,0,0,1,F,0,18,0,5,0,45,0,0,0,0,0,0,80,9,0,0,55,95,52,70,40,70,70,70,0,0,engineer,good
803,0,1,0,M,0,18,0,4.5,0,75,0,0,0,0,0,0,75,7,0,0,46,52,70,65,76,80,55,60,0,0,doctor,good
804,0,1,1,F,1,19,1,4.6,1,55,1,1,1,1,1,1,50,5,1,1,52,52,76,55,80,52,76,52,0,0,doctor,average
805,1,0,0,M,0,17,0,5.5,0,60,0,0,0,0,0,0,83,10,0,0,70,55,95,52,76,55,65,95,0,0,doctor,good
806,1,0,1,M,1,20,1,6,1,65,1,1,1,1,1,1,61,4,1,1,60,55,80,55,97,60,80,76,0,0,doctor,average
807,1,1,0,M,1,21,1,5.1,1,61,1,1,1,1,1,1,65,5,1,1,52,52,70,70,76,55,52,60,0,0,doctor,average
808,1,1,1,F,1,23,1,6.1,1,50,1,1,1,1,1,1,51,3,1,1,76,62,76,60,70,52,92,70,0,0,doctor,average
809,2,2,2,M,2,22,2,5.1,2,67,2,2,2,2,2,2,10,1,2,2,55,60,52,71,80,70,76,52,0,0,doctor,bad
810,2,2,1,F,2,21,2,5.9,2,43,2,2,2,2,2,2,15,2,2,2,95,55,60,80,92,76,70,60,0,0,doctor,bad
811,2,1,2,F,2,20,2,4.11,2,44,2,2,2,2,2,2,25,1,2,2,76,52,70,70,87,52,95,70,0,0,doctor,bad
812,2,1,1,M,1,18,1,4.9,1,56,1,1,1,1,1,1,63,3,1,1,60,60,55,92,96,55,52,65,0,0,doctor,average
813,1,1,2,F,1,17,1,6.4,1,53,1,1,1,1,1,1,61,5,1,1,65,76,65,55,47,76,60,55,1,1,militray,average
814,1,2,1,M,1,19,1,5.9,1,68,1,1,1,1,1,1,59,4,1,1,52,70,76,92,52,65,92,76,1,1,militray,average
815,1,2,2,M,2,21,2,5.8,2,66,2,2,2,2,2,2,30,2,2,2,70,76,65,76,40,92,52,70,1,1,militray,bad
816,0,0,0,F,0,20,0,5,0,55,0,0,0,0,0,0,80,9,0,0,76,65,76,60,60,76,55,76,1,1,militray,good
817,0,2,0,F,0,18,0,4.5,0,53,0,0,0,0,0,0,95,7,0,0,52,76,70,76,40,70,76,65,1,1,militray,good
818,0,0,2,M,0,17,0,4.6,0,58,0,0,0,0,0,0,83,10,0,0,70,70,76,52,47,80,65,55,1,1,militray,good
819,2,0,0,M,0,19,0,5.5,0,62,0,0,0,0,0,0,90,6,0,0,65,80,95,95,40,52,70,70,1,1,militray,good
820,2,2,0,F,2,20,2,5.8,2,57,2,2,2,2,2,2,35,0,2,2,60,76,76,80,76,70,60,52,1,1,militray,bad
821,2,2,2,F,2,19,2,5.3,2,49,2,2,2,2,2,2,17,1,2,2,55,76,52,60,95,76,76,80,1,1,militray,bad
822,0,0,0,M,0,19,0,5.8,0,58,0,0,0,0,0,0,70,6,0,0,60,60,92,70,60,60,55,95,1,1,militray,good
823,0,0,1,F,0,18,0,5,0,45,0,0,0,0,0,0,80,9,0,0,95,70,52,55,65,80,76,76,1,1,militray,good
824,0,1,0,M,0,18,0,4.5,0,75,0,0,0,0,0,0,75,7,0,0,52,95,70,52,76,76,92,76,1,1,militray,good
825,0,1,1,F,1,19,1,4.6,1,55,1,1,1,1,1,1,50,5,1,1,55,52,76,65,80,95,52,52,1,1,militray,average
826,1,0,0,M,0,17,0,5.5,0,60,0,0,0,0,0,0,83,10,0,0,70,70,70,55,60,76,76,76,1,1,militray,good
827,1,0,1,M,1,20,1,6,1,65,1,1,1,1,1,1,61,4,1,1,76,60,52,52,55,55,70,76,1,1,militray,average
828,1,1,0,M,1,21,1,5.1,1,61,1,1,1,1,1,1,65,5,1,1,76,76,65,70,65,80,60,60,1,1,militray,average
829,1,1,1,F,1,23,1,6.1,1,50,1,1,1,1,1,1,51,3,1,1,60,80,76,80,52,65,65,76,1,1,militray,average
830,2,2,2,M,2,22,2,5.1,2,67,2,2,2,2,2,2,10,1,2,2,70,76,76,55,52,70,55,76,1,1,militray,bad
831,2,2,1,F,2,21,2,5.9,2,43,2,2,2,2,2,2,15,2,2,2,60,70,70,65,60,52,70,95,1,1,militray,bad
832,2,1,2,F,2,20,2,4.11,2,44,2,2,2,2,2,2,25,1,2,2,65,80,52,52,52,60,52,92,1,1,militray,bad
833,2,1,1,M,1,18,1,4.9,1,56,1,1,1,1,1,1,63,3,1,1,76,95,76,70,65,55,80,70,1,1,militray,average
834,1,1,2,F,1,17,1,6.4,1,53,1,1,1,1,1,1,61,5,1,1,60,92,80,76,55,70,95,80,1,1,militray,average
835,1,2,1,M,1,19,1,5.9,1,68,1,1,1,1,1,1,59,4,1,1,70,60,76,76,52,92,52,92,1,1,militray,average
836,1,2,2,M,2,21,2,5.8,2,66,2,2,2,2,2,2,30,2,2,2,76,55,95,70,76,52,70,65,1,1,militray,bad
837,0,0,0,F,0,20,0,5,0,55,0,0,0,0,0,0,80,9,0,0,92,52,76,60,70,76,92,80,1,1,militray,good
838,0,2,0,F,0,18,0,4.5,0,53,0,0,0,0,0,0,95,7,0,0,52,70,60,52,60,80,52,55,1,1,militray,good
839,0,0,2,M,0,17,0,4.6,0,58,0,0,0,0,0,0,83,10,0,0,60,76,55,55,65,60,76,76,1,1,militray,good
840,2,0,0,M,0,19,0,5.5,0,62,0,0,0,0,0,0,90,6,0,0,76,76,76,65,60,65,70,76,1,1,militray,good
841,2,2,0,F,2,20,2,5.8,2,57,2,2,2,2,2,2,35,0,2,2,80,80,65,92,55,76,80,70,1,1,militray,bad
842,2,2,2,F,2,19,2,5.3,2,49,2,2,2,2,2,2,17,1,2,2,76,70,70,70,52,95,76,95,1,1,militray,bad
843,0,0,0,M,0,19,0,5.8,0,58,0,0,0,0,0,0,70,6,0,0,52,60,52,80,76,55,55,76,0,0,engineer,good
844,0,0,1,F,0,18,0,5,0,45,0,0,0,0,0,0,80,9,0,0,55,52,76,65,70,70,65,55,0,0,engineer,good
845,0,1,0,M,0,18,0,4.5,0,75,0,0,0,0,0,0,75,7,0,0,70,70,76,52,60,60,60,52,0,0,engineer,good
846,0,1,1,F,1,19,1,4.6,1,55,1,1,1,1,1,1,50,5,1,1,76,76,95,55,52,76,55,70,0,0,engineer,average
847,1,0,0,M,0,17,0,5.5,0,60,0,0,0,0,0,0,83,10,0,0,80,76,52,70,60,76,95,65,0,0,engineer,good
848,1,0,1,M,1,20,1,6,1,65,1,1,1,1,1,1,61,4,1,1,70,80,65,60,55,52,65,80,0,0,engineer,average
849,1,1,0,M,1,21,1,5.1,1,61,1,1,1,1,1,1,65,5,1,1,60,65,70,70,60,95,60,55,0,0,engineer,average
850,1,1,1,F,1,23,1,6.1,1,50,1,1,1,1,1,1,51,3,1,1,65,60,76,80,55,80,55,60,0,0,engineer,average
851,2,2,2,M,2,22,2,5.1,2,67,2,2,2,2,2,2,10,1,2,2,70,76,52,55,52,52,70,76,0,0,engineer,bad
852,2,2,1,F,2,21,2,5.9,2,43,2,2,2,2,2,2,15,2,2,2,52,70,76,70,52,55,52,65,0,0,engineer,bad
853,2,1,2,F,2,20,2,4.11,2,44,2,2,2,2,2,2,25,1,2,2,92,80,95,65,76,76,76,60,0,0,doctor,bad
854,2,1,1,M,1,18,1,4.9,1,56,1,1,1,1,1,1,63,3,1,1,95,92,76,60,80,65,65,55,0,0,doctor,average
855,1,1,2,F,1,17,1,6.4,1,53,1,1,1,1,1,1,61,5,1,1,70,70,70,52,76,60,76,76,0,0,doctor,average
856,1,2,1,M,1,19,1,5.9,1,68,1,1,1,1,1,1,59,4,1,1,76,80,76,55,80,95,70,70,0,0,doctor,average
857,1,2,2,M,2,21,2,5.8,2,66,2,2,2,2,2,2,30,2,2,2,60,70,80,70,76,76,76,65,0,0,doctor,bad
858,0,0,0,F,0,20,0,5,0,55,0,0,0,0,0,0,80,9,0,0,65,80,76,60,70,70,52,55,0,0,doctor,good
859,0,2,0,F,0,18,0,4.5,0,53,0,0,0,0,0,0,95,7,0,0,76,60,60,70,80,76,80,52,0,0,doctor,good
860,0,0,2,M,0,17,0,4.6,0,58,0,0,0,0,0,0,83,10,0,0,70,52,55,80,70,95,95,76,0,0,doctor,good
861,2,0,0,M,0,19,0,5.5,0,62,0,0,0,0,0,0,90,6,0,0,92,76,65,70,76,52,60,65,0,0,doctor,good
862,2,2,0,F,2,20,2,5.8,2,57,2,2,2,2,2,2,35,0,2,2,80,76,80,92,95,70,76,55,0,0,doctor,bad
863,2,2,2,F,2,19,2,5.3,2,49,2,2,2,2,2,2,17,1,2,2,76,70,76,70,47,92,70,52,1,1,militray,bad
864,0,0,0,M,0,19,0,5.8,0,58,0,0,0,0,0,0,70,6,0,0,60,92,76,52,60,55,92,70,1,1,militray,good
865,0,0,1,F,0,18,0,5,0,45,0,0,0,0,0,0,80,9,0,0,76,80,70,80,52,80,55,55,1,1,militray,good
866,0,1,0,M,0,18,0,4.5,0,75,0,0,0,0,0,0,75,7,0,0,70,70,95,65,65,52,70,52,1,1,militray,good
867,0,1,1,F,1,19,1,4.6,1,55,1,1,1,1,1,1,50,5,1,1,76,60,97,70,52,55,80,60,1,1,militray,average
868,1,0,0,M,0,17,0,5.5,0,60,0,0,0,0,0,0,83,10,0,0,80,65,55,80,55,70,52,52,1,1,militray,good
869,1,0,1,M,1,20,1,6,1,65,1,1,1,1,1,1,61,4,1,1,60,70,76,76,76,55,60,70,1,1,militray,average
870,1,1,0,M,1,21,1,5.1,1,61,1,1,1,1,1,1,65,5,1,1,65,76,76,52,52,65,65,55,1,1,militray,average
871,1,1,1,F,1,23,1,6.1,1,50,1,1,1,1,1,1,51,3,1,1,70,60,52,92,52,70,76,65,1,1,militray,average
872,2,2,2,M,2,22,2,5.1,2,67,2,2,2,2,2,2,10,1,2,2,52,65,80,76,60,52,52,70,1,1,militray,bad
873,2,2,1,F,2,21,2,5.9,2,43,2,2,2,2,2,2,15,2,2,2,70,80,95,60,55,76,76,95,1,1,militray,bad
874,2,1,2,F,2,20,2,4.11,2,44,2,2,2,2,2,2,25,1,2,2,76,69,70,80,52,95,95,52,1,1,militray,bad
875,2,1,1,M,1,18,1,4.9,1,56,1,1,1,1,1,1,63,3,1,1,76,76,52,92,55,52,81,92,1,1,militray,average
876,1,1,2,F,1,17,1,6.4,1,53,1,1,1,1,1,1,61,5,1,1,92,92,60,76,60,52,52,55,1,1,militray,average
877,1,2,1,M,1,19,1,5.9,1,68,1,1,1,1,1,1,59,4,1,1,95,52,55,65,52,76,76,70,1,1,militray,average
878,1,2,2,M,2,21,2,5.8,2,66,2,2,2,2,2,2,30,2,2,2,80,60,65,55,55,52,55,65,1,1,militray,bad
879,0,0,0,F,0,20,0,5,0,55,0,0,0,0,0,0,80,9,0,0,76,92,70,76,61,65,92,60,1,1,militray,good
880,0,2,0,F,0,18,0,4.5,0,53,0,0,0,0,0,0,95,7,0,0,60,70,92,52,65,52,55,52,1,1,militray,good
881,0,0,2,M,0,17,0,4.6,0,58,0,0,0,0,0,0,83,10,0,0,70,76,80,95,52,55,70,95,1,1,militray,good
882,2,0,0,M,0,19,0,5.5,0,62,0,0,0,0,0,0,90,6,0,0,52,65,70,92,55,76,95,92,1,1,militray,good
883,2,2,0,F,2,20,2,5.8,2,57,2,2,2,2,2,2,35,0,2,2,79,95,52,80,60,70,52,60,1,1,militray,bad
884,2,2,2,F,2,19,2,5.3,2,49,2,2,2,2,2,2,17,1,2,2,65,70,55,76,52,65,55,69,1,1,militray,bad
885,0,2,0,F,0,18,0,4.5,0,53,0,0,0,0,0,0,95,7,0,0,92,60,80,55,65,80,60,52,1,1,militray,good
886,0,0,2,M,0,17,0,4.6,0,58,0,0,0,0,0,0,83,10,0,0,76,76,95,92,52,70,70,76,1,1,militray,good
887,2,0,0,M,0,19,0,5.5,0,62,0,0,0,0,0,0,90,6,0,0,95,52,70,80,55,76,55,55,1,1,militray,good
888,2,2,0,F,2,20,2,5.8,2,57,2,2,2,2,2,2,35,0,2,2,76,70,76,76,65,52,65,76,1,1,militray,bad
889,2,2,2,F,2,19,2,5.3,2,49,2,2,2,2,2,2,17,1,2,2,65,76,76,60,60,60,54,52,1,1,militray,bad
890,2,2,2,F,2,19,2,5.3,2,49,2,2,2,2,2,2,17,1,2,2,52,76,65,70,55,92,76,76,1,1,militray,bad
891,0,0,0,M,0,19,0,5.8,0,58,0,0,0,0,0,0,70,6,0,0,70,80,53,95,52,72,95,95,1,1,militray,good
892,0,0,1,F,0,18,0,5,0,45,0,0,0,0,0,0,80,9,0,0,,,,,,,,,,,,good
893,0,1,0,M,0,18,0,4.5,0,75,0,0,0,0,0,0,75,7,0,0,,,,,,,,,,,,good
894,0,1,1,F,1,19,1,4.6,1,55,1,1,1,1,1,1,50,5,1,1,,,,,,,,,,,,average
895,1,0,0,M,0,17,0,5.5,0,60,0,0,0,0,0,0,83,10,0,0,,,,,,,,,,,,good
896,1,0,1,M,1,20,1,6,1,65,1,1,1,1,1,1,61,4,1,1,,,,,,,,,,,,average
897,1,1,0,M,1,21,1,5.1,1,61,1,1,1,1,1,1,65,5,1,1,,,,,,,,,,,,average
898,1,1,1,F,1,23,1,6.1,1,50,1,1,1,1,1,1,51,3,1,1,,,,,,,,,,,,average
899,2,2,2,M,2,22,2,5.1,2,67,2,2,2,2,2,2,10,1,2,2,,,,,,,,,,,,bad
900,2,2,1,F,2,21,2,5.9,2,43,2,2,2,2,2,2,15,2,2,2,,,,,,,,,,,,bad
901,0,0,0,M,0,19,0,5.8,0,58,0,0,0,0,0,0,70,6,0,0,,,,,,,,,,,,good
902,0,0,1,F,0,18,0,5,0,45,0,0,0,0,0,0,80,9,0,0,,,,,,,,,,,,good
903,0,1,0,M,0,18,0,4.5,0,75,0,0,0,0,0,0,75,7,0,0,,,,,,,,,,,,good
904,0,1,1,F,1,19,1,4.6,1,55,1,1,1,1,1,1,50,5,1,1,,,,,,,,,,,,average
905,1,0,0,M,0,17,0,5.5,0,60,0,0,0,0,0,0,83,10,0,0,,,,,,,,,,,,good
906,1,0,1,M,1,20,1,6,1,65,1,1,1,1,1,1,61,4,1,1,,,,,,,,,,,,average
907,1,1,0,M,1,21,1,5.1,1,61,1,1,1,1,1,1,65,5,1,1,,,,,,,,,,,,average
908,1,1,1,F,1,23,1,6.1,1,50,1,1,1,1,1,1,51,3,1,1,,,,,,,,,,,,average
909,2,2,2,M,2,22,2,5.1,2,67,2,2,2,2,2,2,10,1,2,2,,,,,,,,,,,,bad
910,2,2,1,F,2,21,2,5.9,2,43,2,2,2,2,2,2,15,2,2,2,,,,,,,,,,,,bad
911,2,1,2,F,2,20,2,4.11,2,44,2,2,2,2,2,2,25,1,2,2,,,,,,,,,,,,bad
912,2,1,1,M,1,18,1,4.9,1,56,1,1,1,1,1,1,63,3,1,1,,,,,,,,,,,,average
913,1,1,2,F,1,17,1,6.4,1,53,1,1,1,1,1,1,61,5,1,1,,,,,,,,,,,,average
914,1,2,1,M,1,19,1,5.9,1,68,1,1,1,1,1,1,59,4,1,1,,,,,,,,,,,,average
915,1,2,2,M,2,21,2,5.8,2,66,2,2,2,2,2,2,30,2,2,2,,,,,,,,,,,,bad
916,0,0,0,F,0,20,0,5,0,55,0,0,0,0,0,0,80,9,0,0,,,,,,,,,,,,good
917,0,2,0,F,0,18,0,4.5,0,53,0,0,0,0,0,0,95,7,0,0,,,,,,,,,,,,good
918,0,0,2,M,0,17,0,4.6,0,58,0,0,0,0,0,0,83,10,0,0,,,,,,,,,,,,good
919,2,0,0,M,0,19,0,5.5,0,62,0,0,0,0,0,0,90,6,0,0,,,,,,,,,,,,good
920,2,2,0,F,2,20,2,5.8,2,57,2,2,2,2,2,2,35,0,2,2,,,,,,,,,,,,bad
921,2,2,2,F,2,19,2,5.3,2,49,2,2,2,2,2,2,17,1,2,2,,,,,,,,,,,,bad
922,0,0,0,M,0,19,0,5.8,0,58,0,0,0,0,0,0,70,6,0,0,,,,,,,,,,,,good
923,0,0,1,F,0,18,0,5,0,45,0,0,0,0,0,0,80,9,0,0,,,,,,,,,,,,good
924,0,1,0,M,0,18,0,4.5,0,75,0,0,0,0,0,0,75,7,0,0,,,,,,,,,,,,good
925,0,1,1,F,1,19,1,4.6,1,55,1,1,1,1,1,1,50,5,1,1,,,,,,,,,,,,average
926,1,0,0,M,0,17,0,5.5,0,60,0,0,0,0,0,0,83,10,0,0,,,,,,,,,,,,good
927,1,0,1,M,1,20,1,6,1,65,1,1,1,1,1,1,61,4,1,1,,,,,,,,,,,,average
928,1,1,0,M,1,21,1,5.1,1,61,1,1,1,1,1,1,65,5,1,1,,,,,,,,,,,,average
929,1,1,1,F,1,23,1,6.1,1,50,1,1,1,1,1,1,51,3,1,1,,,,,,,,,,,,average
930,2,2,2,M,2,22,2,5.1,2,67,2,2,2,2,2,2,10,1,2,2,,,,,,,,,,,,bad
931,2,2,1,F,2,21,2,5.9,2,43,2,2,2,2,2,2,15,2,2,2,,,,,,,,,,,,bad
932,2,1,2,F,2,20,2,4.11,2,44,2,2,2,2,2,2,25,1,2,2,,,,,,,,,,,,bad
933,2,1,1,M,1,18,1,4.9,1,56,1,1,1,1,1,1,63,3,1,1,,,,,,,,,,,,average
934,1,1,2,F,1,17,1,6.4,1,53,1,1,1,1,1,1,61,5,1,1,,,,,,,,,,,,average
935,1,2,1,M,1,19,1,5.9,1,68,1,1,1,1,1,1,59,4,1,1,,,,,,,,,,,,average
936,1,2,2,M,2,21,2,5.8,2,66,2,2,2,2,2,2,30,2,2,2,,,,,,,,,,,,bad
937,0,0,0,F,0,20,0,5,0,55,0,0,0,0,0,0,80,9,0,0,,,,,,,,,,,,good
938,0,2,0,F,0,18,0,4.5,0,53,0,0,0,0,0,0,95,7,0,0,,,,,,,,,,,,good
939,0,0,2,M,0,17,0,4.6,0,58,0,0,0,0,0,0,83,10,0,0,,,,,,,,,,,,good
940,2,0,0,M,0,19,0,5.5,0,62,0,0,0,0,0,0,90,6,0,0,,,,,,,,,,,,good
941,2,2,0,F,2,20,2,5.8,2,57,2,2,2,2,2,2,35,0,2,2,,,,,,,,,,,,bad
942,2,2,2,F,2,19,2,5.3,2,49,2,2,2,2,2,2,17,1,2,2,,,,,,,,,,,,bad
943,0,0,0,M,0,19,0,5.8,0,58,0,0,0,0,0,0,70,6,0,0,,,,,,,,,,,,good
944,0,0,1,F,0,18,0,5,0,45,0,0,0,0,0,0,80,9,0,0,,,,,,,,,,,,good
945,0,1,0,M,0,18,0,4.5,0,75,0,0,0,0,0,0,75,7,0,0,,,,,,,,,,,,good
946,0,1,1,F,1,19,1,4.6,1,55,1,1,1,1,1,1,50,5,1,1,,,,,,,,,,,,average
947,1,0,0,M,0,17,0,5.5,0,60,0,0,0,0,0,0,83,10,0,0,,,,,,,,,,,,good
948,1,0,1,M,1,20,1,6,1,65,1,1,1,1,1,1,61,4,1,1,,,,,,,,,,,,average
949,1,1,0,M,1,21,1,5.1,1,61,1,1,1,1,1,1,65,5,1,1,,,,,,,,,,,,average
950,1,1,1,F,1,23,1,6.1,1,50,1,1,1,1,1,1,51,3,1,1,,,,,,,,,,,,average
951,2,2,2,M,2,22,2,5.1,2,67,2,2,2,2,2,2,10,1,2,2,,,,,,,,,,,,bad
952,2,2,1,F,2,21,2,5.9,2,43,2,2,2,2,2,2,15,2,2,2,,,,,,,,,,,,bad
953,2,1,2,F,2,20,2,4.11,2,44,2,2,2,2,2,2,25,1,2,2,,,,,,,,,,,,bad
954,2,1,1,M,1,18,1,4.9,1,56,1,1,1,1,1,1,63,3,1,1,,,,,,,,,,,,average
955,1,1,2,F,1,17,1,6.4,1,53,1,1,1,1,1,1,61,5,1,1,,,,,,,,,,,,average
956,1,2,1,M,1,19,1,5.9,1,68,1,1,1,1,1,1,59,4,1,1,,,,,,,,,,,,average
957,1,2,2,M,2,21,2,5.8,2,66,2,2,2,2,2,2,30,2,2,2,,,,,,,,,,,,bad
958,0,0,0,F,0,20,0,5,0,55,0,0,0,0,0,0,80,9,0,0,,,,,,,,,,,,good
959,0,2,0,F,0,18,0,4.5,0,53,0,0,0,0,0,0,95,7,0,0,,,,,,,,,,,,good
960,0,0,2,M,0,17,0,4.6,0,58,0,0,0,0,0,0,83,10,0,0,,,,,,,,,,,,good
961,2,0,0,M,0,19,0,5.5,0,62,0,0,0,0,0,0,90,6,0,0,,,,,,,,,,,,good
962,2,2,0,F,2,20,2,5.8,2,57,2,2,2,2,2,2,35,0,2,2,,,,,,,,,,,,bad
963,2,2,2,F,2,19,2,5.3,2,49,2,2,2,2,2,2,17,1,2,2,,,,,,,,,,,,bad
964,0,0,0,M,0,19,0,5.8,0,58,0,0,0,0,0,0,70,6,0,0,,,,,,,,,,,,good
965,0,0,1,F,0,18,0,5,0,45,0,0,0,0,0,0,80,9,0,0,,,,,,,,,,,,good
966,0,1,0,M,0,18,0,4.5,0,75,0,0,0,0,0,0,75,7,0,0,,,,,,,,,,,,good
967,0,1,1,F,1,19,1,4.6,1,55,1,1,1,1,1,1,50,5,1,1,,,,,,,,,,,,average
968,1,0,0,M,0,17,0,5.5,0,60,0,0,0,0,0,0,83,10,0,0,,,,,,,,,,,,good
969,1,0,1,M,1,20,1,6,1,65,1,1,1,1,1,1,61,4,1,1,,,,,,,,,,,,average
970,1,1,0,M,1,21,1,5.1,1,61,1,1,1,1,1,1,65,5,1,1,,,,,,,,,,,,average
971,1,1,1,F,1,23,1,6.1,1,50,1,1,1,1,1,1,51,3,1,1,,,,,,,,,,,,average
972,2,2,2,M,2,22,2,5.1,2,67,2,2,2,2,2,2,10,1,2,2,,,,,,,,,,,,bad
973,2,2,1,F,2,21,2,5.9,2,43,2,2,2,2,2,2,15,2,2,2,,,,,,,,,,,,bad
974,2,1,2,F,2,20,2,4.11,2,44,2,2,2,2,2,2,25,1,2,2,,,,,,,,,,,,bad
975,2,1,1,M,1,18,1,4.9,1,56,1,1,1,1,1,1,63,3,1,1,,,,,,,,,,,,average
976,1,1,2,F,1,17,1,6.4,1,53,1,1,1,1,1,1,61,5,1,1,,,,,,,,,,,,average
977,1,2,1,M,1,19,1,5.9,1,68,1,1,1,1,1,1,59,4,1,1,,,,,,,,,,,,average
978,1,2,2,M,2,21,2,5.8,2,66,2,2,2,2,2,2,30,2,2,2,,,,,,,,,,,,bad
979,0,0,0,F,0,20,0,5,0,55,0,0,0,0,0,0,80,9,0,0,,,,,,,,,,,,good
980,0,2,0,F,0,18,0,4.5,0,53,0,0,0,0,0,0,95,7,0,0,,,,,,,,,,,,good
981,0,0,2,M,0,17,0,4.6,0,58,0,0,0,0,0,0,83,10,0,0,,,,,,,,,,,,good
982,2,0,0,M,0,19,0,5.5,0,62,0,0,0,0,0,0,90,6,0,0,,,,,,,,,,,,good
983,2,2,0,F,2,20,2,5.8,2,57,2,2,2,2,2,2,35,0,2,2,,,,,,,,,,,,bad
984,2,2,2,F,2,19,2,5.3,2,49,2,2,2,2,2,2,17,1,2,2,,,,,,,,,,,,bad
985,0,2,0,F,0,18,0,4.5,0,53,0,0,0,0,0,0,95,7,0,0,,,,,,,,,,,,good
986,0,0,2,M,0,17,0,4.6,0,58,0,0,0,0,0,0,83,10,0,0,,,,,,,,,,,,good
987,2,0,0,M,0,19,0,5.5,0,62,0,0,0,0,0,0,90,6,0,0,,,,,,,,,,,,good
988,2,2,0,F,2,20,2,5.8,2,57,2,2,2,2,2,2,35,0,2,2,,,,,,,,,,,,bad
989,2,2,2,F,2,19,2,5.3,2,49,2,2,2,2,2,2,17,1,2,2,,,,,,,,,,,,bad
990,2,2,2,F,2,19,2,5.3,2,49,2,2,2,2,2,2,17,1,2,2,,,,,,,,,,,,bad
991,0,0,0,M,0,19,0,5.8,0,58,0,0,0,0,0,0,70,6,0,0,,,,,,,,,,,,good
992,0,0,1,F,0,18,0,5,0,45,0,0,0,0,0,0,80,9,0,0,,,,,,,,,,,,good
993,0,1,0,M,0,18,0,4.5,0,75,0,0,0,0,0,0,75,7,0,0,,,,,,,,,,,,good
994,0,1,1,F,1,19,1,4.6,1,55,1,1,1,1,1,1,50,5,1,1,,,,,,,,,,,,average
995,1,0,0,M,0,17,0,5.5,0,60,0,0,0,0,0,0,83,10,0,0,,,,,,,,,,,,good
996,1,0,1,M,1,20,1,6,1,65,1,1,1,1,1,1,61,4,1,1,,,,,,,,,,,,average
997,1,1,0,M,1,21,1,5.1,1,61,1,1,1,1,1,1,65,5,1,1,,,,,,,,,,,,average
998,1,1,1,F,1,23,1,6.1,1,50,1,1,1,1,1,1,51,3,1,1,,,,,,,,,,,,average
999,2,2,2,M,2,22,2,5.1,2,67,2,2,2,2,2,2,10,1,2,2,,,,,,,,,,,,bad
1000,2,2,1,F,2,21,2,5.9,2,43,2,2,2,2,2,2,15,2,2,2,,,,,,,,,,,,bad
9,10,14,13,15,16,11,12,0,0,doctor,,,,,,,,,,,,,,,,,,,,,,
10,10,15,11,16,10,15,10,0,0,doctor,,,,,,,,,,,,,,,,,,,,,,
14,12,19,10,17,11,13,19,0,0,doctor,,,,,,,,,,,,,,,,,,,,,,
12,11,16,11,20,12,16,15,0,0,doctor,,,,,,,,,,,,,,,,,,,,,,
10,10,14,14,15,11,10,12,0,0,doctor,,,,,,,,,,,,,,,,,,,,,,
15,13,15,12,14,10,18,14,0,0,doctor,,,,,,,,,,,,,,,,,,,,,,
11,12,10,14,16,14,17,10,0,0,doctor,,,,,,,,,,,,,,,,,,,,,,
19,11,12,16,18,15,14,12,0,0,doctor,,,,,,,,,,,,,,,,,,,,,,
15,10,14,14,17,10,19,14,0,0,doctor,,,,,,,,,,,,,,,,,,,,,,
12,12,11,18,19,11,10,13,0,0,doctor,,,,,,,,,,,,,,,,,,,,,,
13,15,13,11,9,17,12,11,1,1,military,,,,,,,,,,,,,,,,,,,,,,
10,14,17,18,10,13,18,17,1,1,military,,,,,,,,,,,,,,,,,,,,,,
14,15,13,15,8,18,10,14,1,1,military,,,,,,,,,,,,,,,,,,,,,,
15,13,15,12,12,15,11,17,1,1,military,,,,,,,,,,,,,,,,,,,,,,
10,15,14,17,8,14,15,13,1,1,military,,,,,,,,,,,,,,,,,,,,,,
14,14,15,10,9,16,13,11,1,1,military,,,,,,,,,,,,,,,,,,,,,,
13,16,19,19,8,10,14,14,1,1,military,,,,,,,,,,,,,,,,,,,,,,
12,17,17,16,15,14,12,10,1,1,military,,,,,,,,,,,,,,,,,,,,,,
11,15,10,12,19,15,15,16,1,1,military,,,,,,,,,,,,,,,,,,,,,,
12,12,18,14,12,12,11,19,1,1,military,,,,,,,,,,,,,,,,,,,,,,
19,14,10,11,13,16,15,15,1,1,military,,,,,,,,,,,,,,,,,,,,,,
10,19,14,10,17,17,18,17,1,1,military,,,,,,,,,,,,,,,,,,,,,,
11,10,15,13,16,19,10,10,1,1,military,,,,,,,,,,,,,,,,,,,,,,
14,14,14,11,12,15,17,17,1,1,military,,,,,,,,,,,,,,,,,,,,,,
15,12,10,10,11,11,14,15,1,1,military,,,,,,,,,,,,,,,,,,,,,,
15,15,13,14,13,16,12,12,1,1,military,,,,,,,,,,,,,,,,,,,,,,
12,16,17,16,10,13,13,15,1,1,military,,,,,,,,,,,,,,,,,,,,,,
14,17,15,11,10,14,11,17,1,1,military,,,,,,,,,,,,,,,,,,,,,,
12,14,14,13,12,10,14,19,1,1,military,,,,,,,,,,,,,,,,,,,,,,
13,16,10,10,10,12,10,18,1,1,military,,,,,,,,,,,,,,,,,,,,,,
15,19,15,14,13,11,16,14,1,1,military,,,,,,,,,,,,,,,,,,,,,,
12,18,16,15,11,14,19,16,1,1,military,,,,,,,,,,,,,,,,,,,,,,
14,12,17,17,10,18,10,18,1,1,military,,,,,,,,,,,,,,,,,,,,,,
17,11,19,14,15,10,14,13,1,1,military,,,,,,,,,,,,,,,,,,,,,,
18,10,15,12,14,15,18,16,1,1,military,,,,,,,,,,,,,,,,,,,,,,
10,14,12,10,12,16,10,11,1,1,military,,,,,,,,,,,,,,,,,,,,,,
12,17,11,11,13,12,15,17,1,1,military,,,,,,,,,,,,,,,,,,,,,,
15,15,15,13,12,13,14,15,1,1,military,,,,,,,,,,,,,,,,,,,,,,
16,16,13,18,11,15,16,14,1,1,military,,,,,,,,,,,,,,,,,,,,,,
17,14,14,14,10,19,15,19,1,1,military,,,,,,,,,,,,,,,,,,,,,,
10,12,10,16,15,11,11,15,0,0,engineer,,,,,,,,,,,,,,,,,,,,,,
11,10,15,13,14,14,13,11,0,0,engineer,,,,,,,,,,,,,,,,,,,,,,
14,14,17,10,12,12,12,10,0,0,engineer,,,,,,,,,,,,,,,,,,,,,,
15,15,19,11,10,15,11,14,0,0,engineer,,,,,,,,,,,,,,,,,,,,,,
